3367,569.5374
736,"	"
934,"	"
687,"	"
365,"	"
710,"	"
748,"	"
673,"	"
664,"	"
697,"	"
586,"	"
627,"	"
602,"	"
513,"	"
653,"	"
630,"	"
547,"	"
551,"	"
640,"	"
883,"	"
729,"	"
530,"	"
779,"	"
858,"	"
571,"	"
595,"	"
438,"	"
594,"	"
808,"	"
628,"	"
624,"	"
788,"	"
601,"	"
1669,"	"
541,"	"
524,"	"
571,"	"
621,"	"
578,"	"
592,"	"
790,"	"
528,"	"
539,"	"
586,"	"
503,"	"
737,"	"
506,"	"
600,"	"
517,"	"
487,"	"
410,"	"
346,"	"
338,"	"
485,"	"
408,"	"
549,"	"
485,"	"
565,"	"
626,"	"
588,"	"
586,"	"
738,"	"
515,"	"
538,"	"
658,"	"
508,"	"
559,"	"
513,"	"
455,"	"
518,"	"
606,"	"
533,"	"
712,"	"
555,"	"
398,"	"
352,"	"
540,"	"
551,"	"
573,"	"
498,"	"
538,"	"
742,"	"
490,"	"
558,"	"
536,"	"
505,"	"
491,"	"
546,"	"
518,"	"
472,"	"
534,"	"
518,"	"
461,"	"
639,"	"
557,"	"
369,"	"
349,"	"
345,"	"
345,"	"
340,"	"
440,"	"
507,"	"
556,"	"
347,"	"
346,"	"
575,"	"
546,"	"
529,"	"
578,"	"
500,"	"
562,"	"
647,"	"
693,"	"
472,"	"
589,"	"
615,"	"
601,"	"
525,"	"
507,"	"
464,"	"
558,"	"
453,"	"
570,"	"
580,"	"
552,"	"
528,"	"
526,"	"
536,"	"
539,"	"
566,"	"
876,"	"
580,"	"
521,"	"
500,"	"
514,"	"
451,"	"
812,"	"
508,"	"
653,"	"
1631,"	"
570,"	"
605,"	"
556,"	"
598,"	"
736,"	"
618,"	"
552,"	"
521,"	"
633,"	"
543,"	"
813,"	"
694,"	"
524,"	"
723,"	"
535,"	"
604,"	"
558,"	"
517,"	"
408,"	"
560,"	"
514,"	"
663,"	"
594,"	"
489,"	"
695,"	"
576,"	"
549,"	"
569,"	"
439,"	"
584,"	"
527,"	"
504,"	"
480,"	"
543,"	"
516,"	"
498,"	"
538,"	"
564,"	"
361,"	"
355,"	"
540,"	"
592,"	"
371,"	"
545,"	"
349,"	"
661,"	"
555,"	"
531,"	"
765,"	"
541,"	"
575,"	"
615,"	"
553,"	"
504,"	"
519,"	"
488,"	"
381,"	"
367,"	"
549,"	"
514,"	"
662,"	"
530,"	"
455,"	"
555,"	"
589,"	"
547,"	"
785,"	"
504,"	"
628,"	"
554,"	"
523,"	"
500,"	"
476,"	"
514,"	"
591,"	"
443,"	"
514,"	"
588,"	"
405,"	"
666,"	"
352,"	"
557,"	"
522,"	"
596,"	"
622,"	"
515,"	"
511,"	"
720,"	"
585,"	"
596,"	"
513,"	"
524,"	"
1590,"	"
389,"	"
348,"	"
432,"	"
570,"	"
558,"	"
430,"	"
772,"	"
559,"	"
532,"	"
703,"	"
591,"	"
631,"	"
539,"	"
401,"	"
516,"	"
549,"	"
520,"	"
536,"	"
627,"	"
930,"	"
509,"	"
590,"	"
1544,"	"
552,"	"
705,"	"
609,"	"
603,"	"
723,"	"
529,"	"
523,"	"
473,"	"
489,"	"
561,"	"
493,"	"
570,"	"
560,"	"
545,"	"
565,"	"
530,"	"
613,"	"
567,"	"
668,"	"
350,"	"
697,"	"
584,"	"
589,"	"
522,"	"
708,"	"
574,"	"
535,"	"
555,"	"
585,"	"
512,"	"
541,"	"
586,"	"
551,"	"
447,"	"
567,"	"
543,"	"
608,"	"
765,"	"
368,"	"
348,"	"
486,"	"
1385,"	"
510,"	"
521,"	"
718,"	"
661,"	"
452,"	"
552,"	"
665,"	"
546,"	"
618,"	"
525,"	"
627,"	"
665,"	"
526,"	"
449,"	"
512,"	"
574,"	"
762,"	"
711,"	"
600,"	"
524,"	"
549,"	"
668,"	"
554,"	"
544,"	"
499,"	"
525,"	"
659,"	"
550,"	"
688,"	"
576,"	"
561,"	"
740,"	"
661,"	"
760,"	"
706,"	"
610,"	"
544,"	"
527,"	"
713,"	"
537,"	"
803,"	"
528,"	"
542,"	"
574,"	"
550,"	"
611,"	"
475,"	"
803,"	"
559,"	"
580,"	"
555,"	"
670,"	"
445,"	"
563,"	"
635,"	"
689,"	"
669,"	"
648,"	"
508,"	"
597,"	"
654,"	"
500,"	"
594,"	"
562,"	"
572,"	"
567,"	"
546,"	"
683,"	"
370,"	"
344,"	"
408,"	"
1602,"	"
603,"	"
538,"	"
559,"	"
714,"	"
607,"	"
629,"	"
474,"	"
595,"	"
700,"	"
558,"	"
629,"	"
575,"	"
559,"	"
559,"	"
564,"	"
740,"	"
660,"	"
579,"	"
569,"	"
571,"	"
687,"	"
785,"	"
752,"	"
629,"	"
557,"	"
694,"	"
501,"	"
561,"	"
546,"	"
619,"	"
717,"	"
571,"	"
549,"	"
409,"	"
568,"	"
596,"	"
351,"	"
346,"	"
613,"	"
520,"	"
534,"	"
577,"	"
642,"	"
675,"	"
591,"	"
590,"	"
632,"	"
781,"	"
556,"	"
570,"	"
568,"	"
597,"	"
565,"	"
541,"	"
644,"	"
599,"	"
566,"	"
690,"	"
656,"	"
449,"	"
634,"	"
675,"	"
690,"	"
604,"	"
605,"	"
1060,"	"
516,"	"
573,"	"
548,"	"
576,"	"
621,"	"
565,"	"
661,"	"
579,"	"
409,"	"
348,"	"
347,"	"
1572,"	"
530,"	"
554,"	"
553,"	"
446,"	"
595,"	"
659,"	"
610,"	"
670,"	"
621,"	"
573,"	"
1155,"	"
388,"	"
374,"	"
448,"	"
549,"	"
628,"	"
526,"	"
551,"	"
563,"	"
564,"	"
648,"	"
580,"	"
576,"	"
563,"	"
520,"	"
762,"	"
579,"	"
582,"	"
598,"	"
563,"	"
512,"	"
746,"	"
540,"	"
534,"	"
542,"	"
495,"	"
534,"	"
592,"	"
679,"	"
673,"	"
616,"	"
575,"	"
996,"	"
506,"	"
580,"	"
543,"	"
550,"	"
524,"	"
563,"	"
549,"	"
570,"	"
527,"	"
610,"	"
1687,"	"
489,"	"
510,"	"
591,"	"
647,"	"
613,"	"
622,"	"
520,"	"
585,"	"
671,"	"
506,"	"
544,"	"
536,"	"
572,"	"
573,"	"
578,"	"
733,"	"
911,"	"
354,"	"
569,"	"
555,"	"
616,"	"
558,"	"
698,"	"
541,"	"
622,"	"
755,"	"
563,"	"
585,"	"
577,"	"
476,"	"
462,"	"
696,"	"
542,"	"
578,"	"
560,"	"
579,"	"
566,"	"
551,"	"
687,"	"
654,"	"
661,"	"
600,"	"
573,"	"
661,"	"
552,"	"
530,"	"
584,"	"
497,"	"
591,"	"
610,"	"
550,"	"
567,"	"
563,"	"
555,"	"
569,"	"
352,"	"
350,"	"
548,"	"
594,"	"
536,"	"
849,"	"
633,"	"
639,"	"
521,"	"
791,"	"
641,"	"
486,"	"
494,"	"
547,"	"
691,"	"
562,"	"
508,"	"
549,"	"
352,"	"
347,"	"
349,"	"
1737,"	"
725,"	"
459,"	"
491,"	"
571,"	"
556,"	"
611,"	"
672,"	"
599,"	"
589,"	"
591,"	"
575,"	"
572,"	"
534,"	"
548,"	"
521,"	"
586,"	"
523,"	"
554,"	"
575,"	"
1611,"	"
520,"	"
553,"	"
549,"	"
572,"	"
639,"	"
803,"	"
628,"	"
463,"	"
659,"	"
556,"	"
601,"	"
583,"	"
573,"	"
547,"	"
569,"	"
575,"	"
356,"	"
347,"	"
338,"	"
347,"	"
576,"	"
495,"	"
537,"	"
586,"	"
719,"	"
739,"	"
561,"	"
483,"	"
645,"	"
631,"	"
563,"	"
600,"	"
545,"	"
526,"	"
547,"	"
516,"	"
600,"	"
542,"	"
561,"	"
545,"	"
644,"	"
611,"	"
722,"	"
652,"	"
550,"	"
657,"	"
779,"	"
537,"	"
567,"	"
589,"	"
551,"	"
546,"	"
513,"	"
529,"	"
547,"	"
464,"	"
570,"	"
567,"	"
549,"	"
549,"	"
554,"	"
547,"	"
517,"	"
486,"	"
605,"	"
479,"	"
671,"	"
597,"	"
594,"	"
699,"	"
468,"	"
556,"	"
705,"	"
568,"	"
549,"	"
546,"	"
340,"	"
339,"	"
504,"	"
591,"	"
552,"	"
515,"	"
486,"	"
655,"	"
650,"	"
574,"	"
591,"	"
486,"	"
503,"	"
660,"	"
454,"	"
477,"	"
539,"	"
548,"	"
518,"	"
505,"	"
528,"	"
578,"	"
342,"	"
336,"	"
616,"	"
570,"	"
591,"	"
615,"	"
739,"	"
554,"	"
560,"	"
775,"	"
582,"	"
529,"	"
546,"	"
530,"	"
488,"	"
546,"	"
544,"	"
369,"	"
371,"	"
336,"	"
346,"	"
339,"	"
391,"	"
814,"	"
723,"	"
717,"	"
562,"	"
574,"	"
762,"	"
570,"	"
631,"	"
606,"	"
514,"	"
546,"	"
563,"	"
550,"	"
547,"	"
926,"	"
363,"	"
359,"	"
563,"	"
1507,"	"
537,"	"
541,"	"
479,"	"
590,"	"
583,"	"
585,"	"
515,"	"
548,"	"
654,"	"
587,"	"
469,"	"
615,"	"
548,"	"
497,"	"
512,"	"
681,"	"
556,"	"
541,"	"
553,"	"
606,"	"
572,"	"
632,"	"
720,"	"
716,"	"
584,"	"
587,"	"
569,"	"
581,"	"
507,"	"
548,"	"
393,"	"
547,"	"
468,"	"
516,"	"
726,"	"
554,"	"
556,"	"
519,"	"
654,"	"
616,"	"
749,"	"
569,"	"
565,"	"
736,"	"
513,"	"
532,"	"
460,"	"
430,"	"
475,"	"
554,"	"
533,"	"
436,"	"
507,"	"
518,"	"
348,"	"
511,"	"
561,"	"
510,"	"
564,"	"
466,"	"
549,"	"
644,"	"
808,"	"
591,"	"
455,"	"
630,"	"
468,"	"
416,"	"
535,"	"
343,"	"
509,"	"
581,"	"
549,"	"
561,"	"
539,"	"
620,"	"
591,"	"
587,"	"
570,"	"
749,"	"
901,"	"
567,"	"
563,"	"
547,"	"
524,"	"
535,"	"
534,"	"
563,"	"
552,"	"
568,"	"
531,"	"
516,"	"
605,"	"
579,"	"
894,"	"
503,"	"
573,"	"
643,"	"
541,"	"
581,"	"
567,"	"
554,"	"
517,"	"
516,"	"
510,"	"
615,"	"
346,"	"
364,"	"
1116,"	"
523,"	"
619,"	"
606,"	"
631,"	"
575,"	"
619,"	"
692,"	"
587,"	"
566,"	"
580,"	"
488,"	"
516,"	"
547,"	"
545,"	"
723,"	"
564,"	"
553,"	"
554,"	"
518,"	"
553,"	"
551,"	"
559,"	"
575,"	"
679,"	"
552,"	"
592,"	"
589,"	"
744,"	"
528,"	"
567,"	"
560,"	"
503,"	"
552,"	"
371,"	"
574,"	"
563,"	"
559,"	"
582,"	"
554,"	"
546,"	"
588,"	"
693,"	"
825,"	"
551,"	"
515,"	"
808,"	"
552,"	"
547,"	"
574,"	"
544,"	"
551,"	"
546,"	"
565,"	"
529,"	"
557,"	"
560,"	"
625,"	"
604,"	"
440,"	"
556,"	"
610,"	"
580,"	"
554,"	"
705,"	"
576,"	"
517,"	"
564,"	"
478,"	"
547,"	"
434,"	"
552,"	"
448,"	"
551,"	"
369,"	"
349,"	"
342,"	"
594,"	"
556,"	"
699,"	"
577,"	"
593,"	"
582,"	"
591,"	"
582,"	"
462,"	"
519,"	"
561,"	"
545,"	"
526,"	"
612,"	"
566,"	"
717,"	"
363,"	"
352,"	"
345,"	"
539,"	"
526,"	"
526,"	"
550,"	"
549,"	"
603,"	"
659,"	"
611,"	"
512,"	"
548,"	"
679,"	"
558,"	"
591,"	"
561,"	"
644,"	"
530,"	"
524,"	"
521,"	"
549,"	"
661,"	"
585,"	"
579,"	"
719,"	"
673,"	"
573,"	"
499,"	"
560,"	"
547,"	"
598,"	"
555,"	"
344,"	"
342,"	"
343,"	"
341,"	"
562,"	"
403,"	"
555,"	"
555,"	"
874,"	"
592,"	"
509,"	"
677,"	"
464,"	"
565,"	"
520,"	"
550,"	"
447,"	"
489,"	"
547,"	"
688,"	"
578,"	"
346,"	"
373,"	"
1614,"	"
535,"	"
608,"	"
529,"	"
620,"	"
507,"	"
518,"	"
757,"	"
460,"	"
624,"	"
529,"	"
594,"	"
661,"	"
788,"	"
665,"	"
529,"	"
346,"	"
350,"	"
602,"	"
550,"	"
513,"	"
486,"	"
554,"	"
629,"	"
781,"	"
534,"	"
513,"	"
668,"	"
430,"	"
363,"	"
671,"	"
591,"	"
557,"	"
551,"	"
404,"	"
579,"	"
479,"	"
440,"	"
644,"	"
606,"	"
552,"	"
738,"	"
577,"	"
567,"	"
531,"	"
564,"	"
562,"	"
748,"	"
5761,"	"
477,"	"
530,"	"
579,"	"
646,"	"
586,"	"
527,"	"
584,"	"
660,"	"
546,"	"
564,"	"
577,"	"
543,"	"
553,"	"
509,"	"
563,"	"
631,"	"
352,"	"
347,"	"
561,"	"
557,"	"
561,"	"
455,"	"
693,"	"
708,"	"
590,"	"
531,"	"
613,"	"
584,"	"
582,"	"
569,"	"
536,"	"
462,"	"
572,"	"
559,"	"
554,"	"
568,"	"
520,"	"
563,"	"
580,"	"
598,"	"
634,"	"
529,"	"
576,"	"
660,"	"
528,"	"
570,"	"
593,"	"
558,"	"
550,"	"
482,"	"
551,"	"
547,"	"
382,"	"
349,"	"
493,"	"
553,"	"
583,"	"
724,"	"
596,"	"
612,"	"
503,"	"
728,"	"
546,"	"
466,"	"
647,"	"
560,"	"
860,"	"
525,"	"
554,"	"
421,"	"
352,"	"
346,"	"
594,"	"
579,"	"
722,"	"
548,"	"
558,"	"
458,"	"
527,"	"
743,"	"
573,"	"
517,"	"
451,"	"
551,"	"
547,"	"
534,"	"
554,"	"
518,"	"
547,"	"
574,"	"
562,"	"
343,"	"
1647,"	"
579,"	"
582,"	"
559,"	"
667,"	"
596,"	"
544,"	"
518,"	"
576,"	"
647,"	"
542,"	"
586,"	"
566,"	"
549,"	"
403,"	"
514,"	"
571,"	"
523,"	"
585,"	"
362,"	"
541,"	"
504,"	"
611,"	"
619,"	"
709,"	"
521,"	"
491,"	"
757,"	"
583,"	"
809,"	"
475,"	"
563,"	"
564,"	"
617,"	"
564,"	"
601,"	"
659,"	"
732,"	"
624,"	"
574,"	"
644,"	"
537,"	"
566,"	"
447,"	"
537,"	"
563,"	"
551,"	"
550,"	"
683,"	"
563,"	"
587,"	"
551,"	"
595,"	"
577,"	"
723,"	"
602,"	"
583,"	"
592,"	"
844,"	"
572,"	"
440,"	"
442,"	"
550,"	"
476,"	"
628,"	"
521,"	"
1665,"	"
607,"	"
687,"	"
615,"	"
529,"	"
625,"	"
666,"	"
530,"	"
591,"	"
528,"	"
745,"	"
530,"	"
558,"	"
544,"	"
559,"	"
498,"	"
543,"	"
611,"	"
571,"	"
733,"	"
597,"	"
606,"	"
715,"	"
572,"	"
566,"	"
564,"	"
495,"	"
548,"	"
521,"	"
435,"	"
342,"	"
664,"	"
624,"	"
457,"	"
482,"	"
592,"	"
769,"	"
796,"	"
558,"	"
539,"	"
656,"	"
455,"	"
551,"	"
567,"	"
526,"	"
592,"	"
500,"	"
573,"	"
595,"	"
345,"	"
347,"	"
551,"	"
617,"	"
577,"	"
727,"	"
524,"	"
534,"	"
688,"	"
567,"	"
569,"	"
571,"	"
473,"	"
499,"	"
458,"	"
551,"	"
550,"	"
2613,"	"
553,"	"
555,"	"
701,"	"
623,"	"
504,"	"
581,"	"
585,"	"
602,"	"
628,"	"
624,"	"
546,"	"
582,"	"
647,"	"
605,"	"
604,"	"
863,"	"
572,"	"
565,"	"
556,"	"
560,"	"
469,"	"
553,"	"
579,"	"
662,"	"
650,"	"
610,"	"
568,"	"
740,"	"
511,"	"
573,"	"
565,"	"
442,"	"
547,"	"
445,"	"
613,"	"
539,"	"
340,"	"
340,"	"
340,"	"
599,"	"
565,"	"
567,"	"
556,"	"
679,"	"
568,"	"
574,"	"
720,"	"
491,"	"
559,"	"
494,"	"
522,"	"
349,"	"
515,"	"
343,"	"
1515,"	"
542,"	"
521,"	"
558,"	"
633,"	"
583,"	"
576,"	"
672,"	"
571,"	"
561,"	"
508,"	"
600,"	"
539,"	"
560,"	"
1613,"	"
547,"	"
520,"	"
497,"	"
567,"	"
546,"	"
551,"	"
677,"	"
572,"	"
526,"	"
564,"	"
541,"	"
601,"	"
506,"	"
471,"	"
587,"	"
708,"	"
547,"	"
496,"	"
573,"	"
574,"	"
618,"	"
485,"	"
564,"	"
704,"	"
556,"	"
551,"	"
525,"	"
887,"	"
443,"	"
550,"	"
647,"	"
584,"	"
571,"	"
675,"	"
574,"	"
550,"	"
571,"	"
496,"	"
546,"	"
549,"	"
547,"	"
447,"	"
496,"	"
563,"	"
545,"	"
550,"	"
1705,"	"
553,"	"
543,"	"
452,"	"
541,"	"
702,"	"
583,"	"
574,"	"
444,"	"
714,"	"
571,"	"
536,"	"
445,"	"
466,"	"
433,"	"
544,"	"
721,"	"
559,"	"
448,"	"
336,"	"
336,"	"
566,"	"
551,"	"
392,"	"
544,"	"
553,"	"
657,"	"
589,"	"
579,"	"
672,"	"
568,"	"
576,"	"
557,"	"
430,"	"
521,"	"
502,"	"
714,"	"
675,"	"
697,"	"
535,"	"
540,"	"
493,"	"
522,"	"
518,"	"
523,"	"
596,"	"
745,"	"
693,"	"
608,"	"
569,"	"
727,"	"
509,"	"
569,"	"
564,"	"
565,"	"
523,"	"
347,"	"
560,"	"
540,"	"
521,"	"
565,"	"
524,"	"
554,"	"
614,"	"
585,"	"
558,"	"
552,"	"
707,"	"
539,"	"
912,"	"
377,"	"
348,"	"
459,"	"
550,"	"
552,"	"
522,"	"
527,"	"
650,"	"
523,"	"
607,"	"
572,"	"
532,"	"
855,"	"
558,"	"
575,"	"
569,"	"
551,"	"
484,"	"
555,"	"
371,"	"
378,"	"
356,"	"
340,"	"
573,"	"
550,"	"
449,"	"
573,"	"
728,"	"
687,"	"
565,"	"
570,"	"
770,"	"
497,"	"
545,"	"
551,"	"
526,"	"
516,"	"
508,"	"
494,"	"
347,"	"
335,"	"
332,"	"
499,"	"
789,"	"
657,"	"
668,"	"
739,"	"
530,"	"
589,"	"
725,"	"
603,"	"
529,"	"
472,"	"
519,"	"
549,"	"
549,"	"
554,"	"
544,"	"
798,"	"
583,"	"
516,"	"
538,"	"
561,"	"
614,"	"
603,"	"
554,"	"
507,"	"
575,"	"
729,"	"
502,"	"
568,"	"
573,"	"
519,"	"
566,"	"
516,"	"
511,"	"
433,"	"
675,"	"
519,"	"
535,"	"
587,"	"
542,"	"
555,"	"
553,"	"
485,"	"
550,"	"
619,"	"
614,"	"
593,"	"
804,"	"
553,"	"
565,"	"
564,"	"
579,"	"
600,"	"
574,"	"
522,"	"
344,"	"
349,"	"
536,"	"
559,"	"
494,"	"
605,"	"
592,"	"
733,"	"
591,"	"
580,"	"
690,"	"
577,"	"
520,"	"
536,"	"
548,"	"
550,"	"
553,"	"
388,"	"
594,"	"
563,"	"
537,"	"
465,"	"
520,"	"
520,"	"
562,"	"
438,"	"
561,"	"
588,"	"
595,"	"
641,"	"
573,"	"
561,"	"
490,"	"
599,"	"
550,"	"
518,"	"
606,"	"
354,"	"
346,"	"
345,"	"
521,"	"
563,"	"
700,"	"
682,"	"
650,"	"
583,"	"
935,"	"
555,"	"
568,"	"
613,"	"
663,"	"
537,"	"
562,"	"
552,"	"
607,"	"
499,"	"
496,"	"
487,"	"
559,"	"
579,"	"
720,"	"
616,"	"
542,"	"
706,"	"
572,"	"
458,"	"
598,"	"
552,"	"
399,"	"
552,"	"
494,"	"
676,"	"
520,"	"
552,"	"
537,"	"
557,"	"
514,"	"
435,"	"
610,"	"
711,"	"
647,"	"
684,"	"
737,"	"
521,"	"
525,"	"
807,"	"
588,"	"
566,"	"
674,"	"
563,"	"
537,"	"
347,"	"
614,"	"
540,"	"
493,"	"
593,"	"
626,"	"
693,"	"
586,"	"
530,"	"
728,"	"
567,"	"
446,"	"
559,"	"
546,"	"
535,"	"
556,"	"
695,"	"
581,"	"
554,"	"
668,"	"
551,"	"
554,"	"
774,"	"
620,"	"
635,"	"
563,"	"
575,"	"
755,"	"
551,"	"
538,"	"
635,"	"
554,"	"
535,"	"
554,"	"
685,"	"
351,"	"
347,"	"
449,"	"
343,"	"
615,"	"
565,"	"
450,"	"
582,"	"
552,"	"
531,"	"
613,"	"
541,"	"
504,"	"
579,"	"
545,"	"
553,"	"
578,"	"
538,"	"
605,"	"
714,"	"
350,"	"
561,"	"
556,"	"
353,"	"
521,"	"
552,"	"
566,"	"
660,"	"
607,"	"
604,"	"
581,"	"
773,"	"
534,"	"
579,"	"
569,"	"
579,"	"
446,"	"
553,"	"
557,"	"
423,"	"
650,"	"
526,"	"
632,"	"
554,"	"
521,"	"
577,"	"
606,"	"
589,"	"
494,"	"
560,"	"
557,"	"
573,"	"
573,"	"
570,"	"
558,"	"
536,"	"
567,"	"
574,"	"
565,"	"
554,"	"
1538,"	"
584,"	"
572,"	"
553,"	"
615,"	"
591,"	"
518,"	"
690,"	"
576,"	"
446,"	"
566,"	"
474,"	"
561,"	"
520,"	"
400,"	"
571,"	"
596,"	"
560,"	"
567,"	"
534,"	"
548,"	"
704,"	"
481,"	"
588,"	"
771,"	"
571,"	"
587,"	"
447,"	"
551,"	"
559,"	"
390,"	"
351,"	"
589,"	"
552,"	"
1540,"	"
532,"	"
602,"	"
450,"	"
536,"	"
704,"	"
567,"	"
476,"	"
539,"	"
564,"	"
578,"	"
443,"	"
686,"	"
682,"	"
656,"	"
572,"	"
570,"	"
528,"	"
538,"	"
480,"	"
531,"	"
576,"	"
495,"	"
697,"	"
491,"	"
567,"	"
576,"	"
652,"	"
546,"	"
585,"	"
569,"	"
596,"	"
474,"	"
367,"	"
346,"	"
347,"	"
345,"	"
562,"	"
615,"	"
623,"	"
741,"	"
610,"	"
575,"	"
692,"	"
584,"	"
572,"	"
536,"	"
526,"	"
556,"	"
557,"	"
459,"	"
551,"	"
818,"	"
396,"	"
342,"	"
587,"	"
493,"	"
563,"	"
590,"	"
747,"	"
569,"	"
570,"	"
685,"	"
515,"	"
518,"	"
570,"	"
519,"	"
554,"	"
511,"	"
402,"	"
681,"	"
567,"	"
610,"	"
594,"	"
579,"	"
535,"	"
428,"	"
823,"	"
609,"	"
550,"	"
761,"	"
561,"	"
564,"	"
659,"	"
569,"	"
580,"	"
564,"	"
445,"	"
576,"	"
350,"	"
521,"	"
355,"	"
580,"	"
496,"	"
552,"	"
608,"	"
555,"	"
527,"	"
578,"	"
559,"	"
550,"	"
541,"	"
569,"	"
526,"	"
550,"	"
552,"	"
499,"	"
569,"	"
518,"	"
519,"	"
567,"	"
529,"	"
561,"	"
538,"	"
624,"	"
714,"	"
696,"	"
561,"	"
957,"	"
565,"	"
584,"	"
569,"	"
552,"	"
515,"	"
689,"	"
517,"	"
343,"	"
340,"	"
1632,"	"
573,"	"
741,"	"
615,"	"
469,"	"
578,"	"
769,"	"
495,"	"
574,"	"
478,"	"
555,"	"
552,"	"
561,"	"
518,"	"
550,"	"
379,"	"
612,"	"
525,"	"
554,"	"
536,"	"
551,"	"
556,"	"
570,"	"
586,"	"
622,"	"
608,"	"
579,"	"
571,"	"
558,"	"
512,"	"
487,"	"
549,"	"
497,"	"
347,"	"
507,"	"
343,"	"
569,"	"
531,"	"
548,"	"
548,"	"
507,"	"
551,"	"
426,"	"
590,"	"
536,"	"
537,"	"
457,"	"
611,"	"
597,"	"
539,"	"
537,"	"
567,"	"
563,"	"
371,"	"
513,"	"
340,"	"
340,"	"
342,"	"
707,"	"
690,"	"
676,"	"
623,"	"
571,"	"
838,"	"
552,"	"
564,"	"
563,"	"
554,"	"
519,"	"
517,"	"
548,"	"
396,"	"
541,"	"
724,"	"
545,"	"
339,"	"
340,"	"
334,"	"
600,"	"
526,"	"
686,"	"
588,"	"
625,"	"
605,"	"
516,"	"
562,"	"
699,"	"
635,"	"
536,"	"
566,"	"
450,"	"
551,"	"
548,"	"
371,"	"
371,"	"
337,"	"
547,"	"
350,"	"
616,"	"
651,"	"
544,"	"
593,"	"
539,"	"
623,"	"
555,"	"
569,"	"
634,"	"
577,"	"
517,"	"
517,"	"
548,"	"
545,"	"
546,"	"
564,"	"
540,"	"
553,"	"
509,"	"
566,"	"
598,"	"
582,"	"
559,"	"
572,"	"
698,"	"
589,"	"
615,"	"
443,"	"
552,"	"
499,"	"
434,"	"
548,"	"
513,"	"
390,"	"
710,"	"
532,"	"
554,"	"
569,"	"
550,"	"
544,"	"
467,"	"
554,"	"
575,"	"
629,"	"
725,"	"
536,"	"
568,"	"
682,"	"
570,"	"
478,"	"
539,"	"
513,"	"
553,"	"
567,"	"
548,"	"
542,"	"
535,"	"
514,"	"
608,"	"
582,"	"
612,"	"
516,"	"
521,"	"
884,"	"
577,"	"
551,"	"
518,"	"
518,"	"
591,"	"
575,"	"
521,"	"
708,"	"
345,"	"
343,"	"
515,"	"
452,"	"
435,"	"
608,"	"
643,"	"
644,"	"
630,"	"
576,"	"
738,"	"
554,"	"
588,"	"
569,"	"
553,"	"
547,"	"
516,"	"
552,"	"
506,"	"
523,"	"
451,"	"
340,"	"
506,"	"
593,"	"
517,"	"
549,"	"
492,"	"
669,"	"
756,"	"
696,"	"
626,"	"
528,"	"
536,"	"
668,"	"
818,"	"
543,"	"
562,"	"
571,"	"
555,"	"
512,"	"
555,"	"
669,"	"
606,"	"
653,"	"
612,"	"
568,"	"
735,"	"
518,"	"
569,"	"
564,"	"
552,"	"
505,"	"
564,"	"
506,"	"
547,"	"
648,"	"
552,"	"
609,"	"
553,"	"
719,"	"
518,"	"
510,"	"
701,"	"
571,"	"
438,"	"
557,"	"
552,"	"
514,"	"
433,"	"
547,"	"
507,"	"
379,"	"
345,"	"
338,"	"
340,"	"
344,"	"
564,"	"
542,"	"
522,"	"
553,"	"
614,"	"
651,"	"
554,"	"
578,"	"
628,"	"
515,"	"
370,"	"
537,"	"
521,"	"
520,"	"
526,"	"
539,"	"
593,"	"
697,"	"
718,"	"
576,"	"
573,"	"
744,"	"
520,"	"
566,"	"
570,"	"
554,"	"
549,"	"
554,"	"
531,"	"
690,"	"
562,"	"
505,"	"
1574,"	"
540,"	"
552,"	"
550,"	"
544,"	"
554,"	"
529,"	"
655,"	"
633,"	"
595,"	"
579,"	"
738,"	"
533,"	"
483,"	"
567,"	"
556,"	"
766,"	"
586,"	"
572,"	"
554,"	"
660,"	"
767,"	"
760,"	"
582,"	"
561,"	"
741,"	"
575,"	"
566,"	"
562,"	"
515,"	"
559,"	"
557,"	"
525,"	"
547,"	"
502,"	"
577,"	"
558,"	"
517,"	"
592,"	"
557,"	"
517,"	"
538,"	"
683,"	"
605,"	"
514,"	"
576,"	"
761,"	"
551,"	"
569,"	"
546,"	"
554,"	"
562,"	"
551,"	"
578,"	"
553,"	"
564,"	"
661,"	"
547,"	"
551,"	"
443,"	"
552,"	"
549,"	"
556,"	"
561,"	"
533,"	"
813,"	"
640,"	"
811,"	"
710,"	"
578,"	"
604,"	"
424,"	"
376,"	"
344,"	"
342,"	"
3588,"	"
534,"	"
615,"	"
579,"	"
536,"	"
582,"	"
573,"	"
572,"	"
544,"	"
442,"	"
570,"	"
550,"	"
451,"	"
547,"	"
516,"	"
469,"	"
709,"	"
572,"	"
548,"	"
515,"	"
583,"	"
553,"	"
547,"	"
542,"	"
606,"	"
575,"	"
539,"	"
782,"	"
503,"	"
846,"	"
551,"	"
534,"	"
562,"	"
605,"	"
654,"	"
596,"	"
573,"	"
553,"	"
598,"	"
551,"	"
400,"	"
549,"	"
549,"	"
546,"	"
554,"	"
684,"	"
616,"	"
465,"	"
547,"	"
590,"	"
639,"	"
537,"	"
561,"	"
510,"	"
484,"	"
351,"	"
3845,"	"
579,"	"
825,"	"
627,"	"
605,"	"
540,"	"
579,"	"
529,"	"
555,"	"
570,"	"
597,"	"
548,"	"
349,"	"
351,"	"
349,"	"
619,"	"
608,"	"
638,"	"
517,"	"
559,"	"
528,"	"
912,"	"
575,"	"
471,"	"
528,"	"
566,"	"
520,"	"
351,"	"
490,"	"
629,"	"
625,"	"
747,"	"
591,"	"
586,"	"
636,"	"
515,"	"
551,"	"
566,"	"
724,"	"
553,"	"
532,"	"
612,"	"
616,"	"
574,"	"
777,"	"
622,"	"
573,"	"
725,"	"
572,"	"
567,"	"
488,"	"
578,"	"
552,"	"
513,"	"
462,"	"
520,"	"
538,"	"
566,"	"
518,"	"
562,"	"
1574,"	"
580,"	"
553,"	"
603,"	"
565,"	"
619,"	"
716,"	"
586,"	"
500,"	"
694,"	"
570,"	"
551,"	"
566,"	"
552,"	"
515,"	"
482,"	"
579,"	"
523,"	"
1476,"	"
564,"	"
638,"	"
898,"	"
563,"	"
566,"	"
708,"	"
570,"	"
590,"	"
580,"	"
517,"	"
550,"	"
510,"	"
559,"	"
561,"	"
6698,"	"
560,"	"
583,"	"
689,"	"
673,"	"
858,"	"
493,"	"
573,"	"
739,"	"
508,"	"
549,"	"
754,"	"
551,"	"
521,"	"
507,"	"
674,"	"
575,"	"
557,"	"
352,"	"
560,"	"
523,"	"
552,"	"
522,"	"
434,"	"
514,"	"
516,"	"
630,"	"
514,"	"
633,"	"
598,"	"
647,"	"
625,"	"
508,"	"
470,"	"
702,"	"
352,"	"
342,"	"
585,"	"
561,"	"
550,"	"
672,"	"
680,"	"
517,"	"
485,"	"
602,"	"
526,"	"
589,"	"
578,"	"
450,"	"
554,"	"
550,"	"
441,"	"
561,"	"
520,"	"
378,"	"
441,"	"
351,"	"
346,"	"
538,"	"
513,"	"
527,"	"
565,"	"
560,"	"
648,"	"
524,"	"
554,"	"
575,"	"
678,"	"
566,"	"
595,"	"
560,"	"
587,"	"
590,"	"
532,"	"
535,"	"
671,"	"
628,"	"
1010,"	"
553,"	"
579,"	"
677,"	"
571,"	"
550,"	"
442,"	"
528,"	"
515,"	"
551,"	"
639,"	"
866,"	"
1601,"	"
558,"	"
570,"	"
553,"	"
507,"	"
528,"	"
575,"	"
583,"	"
667,"	"
746,"	"
615,"	"
641,"	"
664,"	"
571,"	"
567,"	"
655,"	"
365,"	"
346,"	"
349,"	"
351,"	"
564,"	"
614,"	"
610,"	"
617,"	"
731,"	"
997,"	"
509,"	"
576,"	"
560,"	"
519,"	"
547,"	"
552,"	"
567,"	"
514,"	"
707,"	"
558,"	"
443,"	"
548,"	"
549,"	"
536,"	"
616,"	"
654,"	"
728,"	"
590,"	"
576,"	"
735,"	"
605,"	"
407,"	"
583,"	"
1640,"	"
555,"	"
549,"	"
495,"	"
545,"	"
548,"	"
611,"	"
481,"	"
545,"	"
737,"	"
562,"	"
549,"	"
605,"	"
548,"	"
564,"	"
484,"	"
550,"	"
550,"	"
601,"	"
541,"	"
649,"	"
575,"	"
654,"	"
598,"	"
581,"	"
569,"	"
566,"	"
540,"	"
523,"	"
528,"	"
558,"	"
604,"	"
667,"	"
625,"	"
515,"	"
616,"	"
570,"	"
565,"	"
559,"	"
638,"	"
570,"	"
348,"	"
338,"	"
506,"	"
601,"	"
555,"	"
548,"	"
558,"	"
407,"	"
544,"	"
481,"	"
559,"	"
544,"	"
573,"	"
642,"	"
512,"	"
579,"	"
621,"	"
572,"	"
561,"	"
689,"	"
352,"	"
502,"	"
342,"	"
342,"	"
580,"	"
566,"	"
608,"	"
640,"	"
654,"	"
578,"	"
563,"	"
675,"	"
566,"	"
437,"	"
565,"	"
519,"	"
548,"	"
438,"	"
546,"	"
499,"	"
1946,"	"
562,"	"
1600,"	"
558,"	"
546,"	"
458,"	"
554,"	"
586,"	"
621,"	"
550,"	"
533,"	"
574,"	"
723,"	"
556,"	"
567,"	"
584,"	"
437,"	"
549,"	"
550,"	"
551,"	"
574,"	"
347,"	"
605,"	"
636,"	"
898,"	"
541,"	"
569,"	"
704,"	"
548,"	"
540,"	"
531,"	"
560,"	"
546,"	"
556,"	"
548,"	"
520,"	"
441,"	"
619,"	"
517,"	"
546,"	"
347,"	"
555,"	"
551,"	"
498,"	"
552,"	"
587,"	"
564,"	"
573,"	"
579,"	"
777,"	"
564,"	"
581,"	"
549,"	"
552,"	"
379,"	"
439,"	"
541,"	"
547,"	"
538,"	"
832,"	"
597,"	"
571,"	"
642,"	"
512,"	"
588,"	"
566,"	"
446,"	"
518,"	"
546,"	"
515,"	"
552,"	"
559,"	"
547,"	"
554,"	"
1589,"	"
427,"	"
424,"	"
526,"	"
506,"	"
472,"	"
785,"	"
538,"	"
501,"	"
573,"	"
663,"	"
553,"	"
488,"	"
522,"	"
528,"	"
502,"	"
352,"	"
540,"	"
551,"	"
528,"	"
572,"	"
576,"	"
495,"	"
553,"	"
552,"	"
549,"	"
446,"	"
594,"	"
548,"	"
599,"	"
557,"	"
577,"	"
665,"	"
545,"	"
572,"	"
514,"	"
568,"	"
375,"	"
345,"	"
347,"	"
570,"	"
553,"	"
603,"	"
540,"	"
637,"	"
535,"	"
570,"	"
716,"	"
577,"	"
552,"	"
506,"	"
551,"	"
514,"	"
393,"	"
550,"	"
511,"	"
516,"	"
557,"	"
539,"	"
572,"	"
557,"	"
528,"	"
551,"	"
553,"	"
999,"	"
589,"	"
551,"	"
701,"	"
587,"	"
502,"	"
590,"	"
346,"	"
340,"	"
344,"	"
597,"	"
545,"	"
507,"	"
515,"	"
526,"	"
840,"	"
581,"	"
491,"	"
612,"	"
574,"	"
556,"	"
375,"	"
539,"	"
562,"	"
1625,"	"
597,"	"
559,"	"
560,"	"
611,"	"
622,"	"
719,"	"
557,"	"
576,"	"
702,"	"
514,"	"
578,"	"
564,"	"
520,"	"
457,"	"
437,"	"
575,"	"
546,"	"
558,"	"
532,"	"
567,"	"
540,"	"
508,"	"
538,"	"
528,"	"
550,"	"
630,"	"
587,"	"
565,"	"
578,"	"
556,"	"
572,"	"
574,"	"
546,"	"
482,"	"
544,"	"
588,"	"
347,"	"
349,"	"
578,"	"
675,"	"
644,"	"
526,"	"
535,"	"
550,"	"
619,"	"
571,"	"
562,"	"
557,"	"
554,"	"
552,"	"
555,"	"
559,"	"
436,"	"
569,"	"
562,"	"
655,"	"
358,"	"
579,"	"
444,"	"
550,"	"
555,"	"
691,"	"
801,"	"
547,"	"
538,"	"
724,"	"
544,"	"
571,"	"
439,"	"
500,"	"
569,"	"
552,"	"
558,"	"
554,"	"
564,"	"
603,"	"
539,"	"
550,"	"
554,"	"
505,"	"
529,"	"
517,"	"
561,"	"
565,"	"
608,"	"
621,"	"
903,"	"
374,"	"
365,"	"
359,"	"
660,"	"
471,"	"
517,"	"
518,"	"
533,"	"
493,"	"
617,"	"
629,"	"
711,"	"
596,"	"
806,"	"
673,"	"
593,"	"
575,"	"
524,"	"
567,"	"
552,"	"
554,"	"
546,"	"
583,"	"
616,"	"
442,"	"
495,"	"
561,"	"
575,"	"
634,"	"
528,"	"
448,"	"
558,"	"
519,"	"
541,"	"
515,"	"
546,"	"
608,"	"
630,"	"
757,"	"
563,"	"
538,"	"
776,"	"
532,"	"
530,"	"
447,"	"
648,"	"
592,"	"
562,"	"
570,"	"
1639,"	"
556,"	"
553,"	"
548,"	"
511,"	"
484,"	"
553,"	"
489,"	"
604,"	"
595,"	"
787,"	"
613,"	"
818,"	"
589,"	"
572,"	"
761,"	"
348,"	"
343,"	"
698,"	"
351,"	"
428,"	"
491,"	"
606,"	"
617,"	"
670,"	"
565,"	"
569,"	"
611,"	"
569,"	"
608,"	"
561,"	"
536,"	"
439,"	"
534,"	"
552,"	"
550,"	"
665,"	"
349,"	"
347,"	"
565,"	"
443,"	"
567,"	"
553,"	"
554,"	"
512,"	"
606,"	"
634,"	"
499,"	"
584,"	"
571,"	"
706,"	"
479,"	"
566,"	"
529,"	"
744,"	"
597,"	"
592,"	"
537,"	"
571,"	"
586,"	"
597,"	"
549,"	"
401,"	"
550,"	"
400,"	"
554,"	"
557,"	"
691,"	"
637,"	"
494,"	"
583,"	"
807,"	"
553,"	"
736,"	"
587,"	"
580,"	"
547,"	"
595,"	"
457,"	"
562,"	"
605,"	"
781,"	"
563,"	"
572,"	"
568,"	"
564,"	"
554,"	"
521,"	"
451,"	"
686,"	"
588,"	"
524,"	"
561,"	"
542,"	"
554,"	"
527,"	"
838,"	"
575,"	"
702,"	"
680,"	"
571,"	"
456,"	"
774,"	"
597,"	"
579,"	"
566,"	"
567,"	"
694,"	"
567,"	"
555,"	"
521,"	"
558,"	"
553,"	"
547,"	"
514,"	"
544,"	"
525,"	"
552,"	"
554,"	"
708,"	"
625,"	"
643,"	"
636,"	"
578,"	"
721,"	"
563,"	"
673,"	"
609,"	"
549,"	"
564,"	"
721,"	"
520,"	"
569,"	"
558,"	"
637,"	"
593,"	"
659,"	"
625,"	"
553,"	"
534,"	"
525,"	"
541,"	"
512,"	"
454,"	"
550,"	"
568,"	"
559,"	"
353,"	"
525,"	"
447,"	"
555,"	"
521,"	"
535,"	"
554,"	"
569,"	"
701,"	"
698,"	"
566,"	"
519,"	"
703,"	"
578,"	"
532,"	"
554,"	"
560,"	"
539,"	"
515,"	"
1674,"	"
570,"	"
608,"	"
603,"	"
601,"	"
587,"	"
699,"	"
538,"	"
576,"	"
575,"	"
467,"	"
535,"	"
551,"	"
547,"	"
531,"	"
533,"	"
567,"	"
550,"	"
575,"	"
1511,"	"
556,"	"
565,"	"
404,"	"
608,"	"
609,"	"
626,"	"
584,"	"
485,"	"
568,"	"
583,"	"
378,"	"
355,"	"
346,"	"
682,"	"
553,"	"
667,"	"
477,"	"
804,"	"
695,"	"
706,"	"
589,"	"
580,"	"
732,"	"
568,"	"
576,"	"
509,"	"
553,"	"
719,"	"
629,"	"
524,"	"
368,"	"
545,"	"
554,"	"
583,"	"
501,"	"
530,"	"
524,"	"
531,"	"
653,"	"
584,"	"
696,"	"
543,"	"
535,"	"
741,"	"
592,"	"
548,"	"
552,"	"
400,"	"
348,"	"
364,"	"
608,"	"
553,"	"
498,"	"
600,"	"
577,"	"
566,"	"
577,"	"
707,"	"
567,"	"
566,"	"
494,"	"
552,"	"
546,"	"
563,"	"
550,"	"
592,"	"
570,"	"
520,"	"
480,"	"
575,"	"
567,"	"
547,"	"
549,"	"
481,"	"
561,"	"
564,"	"
656,"	"
543,"	"
575,"	"
669,"	"
578,"	"
564,"	"
858,"	"
403,"	"
602,"	"
552,"	"
566,"	"
566,"	"
577,"	"
559,"	"
448,"	"
555,"	"
555,"	"
553,"	"
480,"	"
591,"	"
614,"	"
674,"	"
592,"	"
595,"	"
748,"	"
584,"	"
755,"	"
581,"	"
373,"	"
484,"	"
496,"	"
516,"	"
557,"	"
562,"	"
590,"	"
769,"	"
559,"	"
529,"	"
688,"	"
565,"	"
534,"	"
580,"	"
530,"	"
449,"	"
546,"	"
444,"	"
517,"	"
342,"	"
341,"	"
508,"	"
593,"	"
564,"	"
441,"	"
549,"	"
551,"	"
449,"	"
537,"	"
536,"	"
575,"	"
578,"	"
580,"	"
608,"	"
646,"	"
440,"	"
558,"	"
563,"	"
703,"	"
349,"	"
513,"	"
344,"	"
536,"	"
576,"	"
644,"	"
577,"	"
581,"	"
657,"	"
564,"	"
523,"	"
436,"	"
541,"	"
521,"	"
511,"	"
511,"	"
469,"	"
548,"	"
394,"	"
517,"	"
522,"	"
557,"	"
551,"	"
546,"	"
546,"	"
497,"	"
563,"	"
527,"	"
687,"	"
626,"	"
642,"	"
821,"	"
538,"	"
512,"	"
556,"	"
510,"	"
576,"	"
548,"	"
548,"	"
441,"	"
547,"	"
578,"	"
628,"	"
489,"	"
710,"	"
484,"	"
583,"	"
563,"	"
545,"	"
519,"	"
547,"	"
554,"	"
573,"	"
542,"	"
565,"	"
542,"	"
1699,"	"
559,"	"
549,"	"
520,"	"
514,"	"
401,"	"
440,"	"
515,"	"
586,"	"
639,"	"
575,"	"
661,"	"
556,"	"
537,"	"
562,"	"
455,"	"
497,"	"
547,"	"
565,"	"
535,"	"
1618,"	"
449,"	"
557,"	"
647,"	"
606,"	"
735,"	"
594,"	"
560,"	"
443,"	"
574,"	"
510,"	"
551,"	"
546,"	"
513,"	"
551,"	"
439,"	"
503,"	"
595,"	"
674,"	"
526,"	"
1644,"	"
439,"	"
579,"	"
404,"	"
480,"	"
590,"	"
585,"	"
581,"	"
721,"	"
585,"	"
523,"	"
619,"	"
545,"	"
557,"	"
356,"	"
534,"	"
518,"	"
461,"	"
551,"	"
593,"	"
659,"	"
491,"	"
793,"	"
619,"	"
879,"	"
557,"	"
550,"	"
517,"	"
400,"	"
549,"	"
580,"	"
560,"	"
552,"	"
536,"	"
556,"	"
551,"	"
550,"	"
549,"	"
514,"	"
551,"	"
401,"	"
600,"	"
585,"	"
556,"	"
665,"	"
580,"	"
531,"	"
560,"	"
566,"	"
534,"	"
536,"	"
508,"	"
1604,"	"
469,"	"
514,"	"
513,"	"
571,"	"
574,"	"
612,"	"
532,"	"
576,"	"
567,"	"
560,"	"
559,"	"
692,"	"
568,"	"
343,"	"
341,"	"
464,"	"
562,"	"
583,"	"
607,"	"
575,"	"
571,"	"
675,"	"
575,"	"
566,"	"
478,"	"
548,"	"
546,"	"
517,"	"
547,"	"
432,"	"
549,"	"
391,"	"
5840,"	"
555,"	"
508,"	"
561,"	"
573,"	"
564,"	"
534,"	"
528,"	"
577,"	"
488,"	"
564,"	"
574,"	"
571,"	"
557,"	"
424,"	"
546,"	"
685,"	"
565,"	"
555,"	"
517,"	"
607,"	"
545,"	"
572,"	"
736,"	"
447,"	"
604,"	"
477,"	"
464,"	"
908,"	"
488,"	"
523,"	"
552,"	"
548,"	"
398,"	"
544,"	"
523,"	"
534,"	"
342,"	"
514,"	"
584,"	"
556,"	"
501,"	"
567,"	"
551,"	"
670,"	"
588,"	"
600,"	"
636,"	"
572,"	"
511,"	"
561,"	"
546,"	"
531,"	"
511,"	"
530,"	"
548,"	"
453,"	"
381,"	"
354,"	"
564,"	"
669,"	"
568,"	"
544,"	"
556,"	"
498,"	"
492,"	"
560,"	"
726,"	"
558,"	"
682,"	"
558,"	"
576,"	"
709,"	"
574,"	"
419,"	"
360,"	"
346,"	"
341,"	"
612,"	"
581,"	"
537,"	"
600,"	"
534,"	"
638,"	"
601,"	"
575,"	"
828,"	"
589,"	"
589,"	"
555,"	"
561,"	"
536,"	"
643,"	"
555,"	"
584,"	"
727,"	"
559,"	"
578,"	"
560,"	"
594,"	"
583,"	"
567,"	"
427,"	"
377,"	"
519,"	"
518,"	"
541,"	"
526,"	"
585,"	"
622,"	"
599,"	"
635,"	"
581,"	"
577,"	"
621,"	"
561,"	"
454,"	"
513,"	"
592,"	"
550,"	"
463,"	"
381,"	"
569,"	"
547,"	"
1538,"	"
502,"	"
516,"	"
519,"	"
468,"	"
522,"	"
648,"	"
685,"	"
751,"	"
664,"	"
521,"	"
771,"	"
581,"	"
576,"	"
518,"	"
579,"	"
550,"	"
535,"	"
1978,"	"
613,"	"
551,"	"
691,"	"
512,"	"
582,"	"
672,"	"
571,"	"
572,"	"
554,"	"
556,"	"
512,"	"
562,"	"
518,"	"
611,"	"
509,"	"
530,"	"
561,"	"
549,"	"
597,"	"
530,"	"
540,"	"
617,"	"
625,"	"
895,"	"
566,"	"
571,"	"
753,"	"
572,"	"
615,"	"
576,"	"
559,"	"
1700,"	"
558,"	"
494,"	"
559,"	"
597,"	"
669,"	"
593,"	"
578,"	"
684,"	"
538,"	"
555,"	"
581,"	"
550,"	"
522,"	"
555,"	"
518,"	"
561,"	"
517,"	"
1482,"	"
592,"	"
571,"	"
459,"	"
529,"	"
526,"	"
489,"	"
608,"	"
725,"	"
613,"	"
522,"	"
906,"	"
660,"	"
579,"	"
570,"	"
574,"	"
349,"	"
346,"	"
477,"	"
601,"	"
561,"	"
621,"	"
589,"	"
465,"	"
680,"	"
668,"	"
574,"	"
575,"	"
565,"	"
521,"	"
553,"	"
442,"	"
511,"	"
516,"	"
582,"	"
558,"	"
590,"	"
343,"	"
607,"	"
551,"	"
557,"	"
441,"	"
558,"	"
658,"	"
661,"	"
581,"	"
573,"	"
658,"	"
562,"	"
582,"	"
528,"	"
557,"	"
545,"	"
525,"	"
359,"	"
544,"	"
576,"	"
608,"	"
556,"	"
443,"	"
494,"	"
439,"	"
547,"	"
548,"	"
430,"	"
554,"	"
442,"	"
514,"	"
595,"	"
619,"	"
673,"	"
587,"	"
576,"	"
6146,"	"
556,"	"
569,"	"
544,"	"
520,"	"
615,"	"
546,"	"
576,"	"
690,"	"
567,"	"
585,"	"
537,"	"
558,"	"
553,"	"
432,"	"
564,"	"
540,"	"
364,"	"
405,"	"
1589,"	"
557,"	"
445,"	"
544,"	"
489,"	"
622,"	"
557,"	"
547,"	"
559,"	"
585,"	"
523,"	"
587,"	"
531,"	"
577,"	"
492,"	"
491,"	"
564,"	"
550,"	"
536,"	"
534,"	"
593,"	"
445,"	"
545,"	"
552,"	"
921,"	"
509,"	"
542,"	"
481,"	"
454,"	"
495,"	"
621,"	"
561,"	"
558,"	"
1591,"	"
619,"	"
548,"	"
634,"	"
594,"	"
613,"	"
605,"	"
490,"	"
470,"	"
541,"	"
550,"	"
527,"	"
566,"	"
543,"	"
561,"	"
409,"	"
375,"	"
351,"	"
348,"	"
340,"	"
343,"	"
534,"	"
512,"	"
724,"	"
820,"	"
805,"	"
776,"	"
516,"	"
691,"	"
563,"	"
575,"	"
574,"	"
555,"	"
448,"	"
581,"	"
552,"	"
344,"	"
350,"	"
556,"	"
491,"	"
552,"	"
450,"	"
548,"	"
553,"	"
534,"	"
774,"	"
746,"	"
559,"	"
540,"	"
1251,"	"
365,"	"
368,"	"
356,"	"
537,"	"
512,"	"
542,"	"
552,"	"
558,"	"
594,"	"
647,"	"
623,"	"
555,"	"
572,"	"
1302,"	"
537,"	"
536,"	"
586,"	"
600,"	"
553,"	"
548,"	"
547,"	"
605,"	"
631,"	"
558,"	"
577,"	"
581,"	"
727,"	"
367,"	"
361,"	"
358,"	"
577,"	"
539,"	"
499,"	"
494,"	"
539,"	"
597,"	"
577,"	"
505,"	"
575,"	"
457,"	"
520,"	"
576,"	"
584,"	"
435,"	"
552,"	"
591,"	"
560,"	"
599,"	"
348,"	"
688,"	"
444,"	"
560,"	"
593,"	"
522,"	"
493,"	"
497,"	"
583,"	"
692,"	"
670,"	"
612,"	"
615,"	"
646,"	"
379,"	"
596,"	"
587,"	"
574,"	"
551,"	"
464,"	"
504,"	"
522,"	"
535,"	"
617,"	"
625,"	"
856,"	"
990,"	"
430,"	"
602,"	"
644,"	"
592,"	"
554,"	"
553,"	"
549,"	"
554,"	"
541,"	"
550,"	"
622,"	"
733,"	"
514,"	"
662,"	"
570,"	"
1733,"	"
527,"	"
557,"	"
523,"	"
548,"	"
549,"	"
501,"	"
595,"	"
670,"	"
654,"	"
575,"	"
518,"	"
886,"	"
517,"	"
567,"	"
565,"	"
749,"	"
347,"	"
344,"	"
342,"	"
346,"	"
1579,"	"
546,"	"
569,"	"
587,"	"
508,"	"
501,"	"
744,"	"
544,"	"
536,"	"
561,"	"
506,"	"
622,"	"
553,"	"
543,"	"
1771,"	"
676,"	"
567,"	"
679,"	"
568,"	"
565,"	"
674,"	"
584,"	"
499,"	"
565,"	"
542,"	"
621,"	"
543,"	"
1575,"	"
572,"	"
576,"	"
435,"	"
567,"	"
528,"	"
559,"	"
768,"	"
567,"	"
537,"	"
560,"	"
436,"	"
548,"	"
446,"	"
526,"	"
544,"	"
547,"	"
557,"	"
543,"	"
640,"	"
1534,"	"
912,"	"
805,"	"
931,"	"
639,"	"
590,"	"
534,"	"
516,"	"
552,"	"
515,"	"
526,"	"
537,"	"
516,"	"
336,"	"
353,"	"
624,"	"
698,"	"
453,"	"
676,"	"
519,"	"
525,"	"
496,"	"
533,"	"
536,"	"
471,"	"
597,"	"
571,"	"
555,"	"
544,"	"
548,"	"
701,"	"
512,"	"
570,"	"
1590,"	"
569,"	"
484,"	"
614,"	"
576,"	"
569,"	"
626,"	"
505,"	"
533,"	"
474,"	"
560,"	"
544,"	"
436,"	"
550,"	"
576,"	"
550,"	"
510,"	"
566,"	"
507,"	"
604,"	"
574,"	"
554,"	"
404,"	"
512,"	"
593,"	"
564,"	"
575,"	"
553,"	"
575,"	"
765,"	"
540,"	"
520,"	"
571,"	"
558,"	"
491,"	"
560,"	"
547,"	"
558,"	"
562,"	"
1733,"	"
620,"	"
572,"	"
573,"	"
689,"	"
496,"	"
569,"	"
570,"	"
553,"	"
483,"	"
586,"	"
569,"	"
541,"	"
557,"	"
1732,"	"
707,"	"
589,"	"
443,"	"
722,"	"
569,"	"
573,"	"
567,"	"
549,"	"
523,"	"
514,"	"
555,"	"
545,"	"
511,"	"
549,"	"
551,"	"
550,"	"
595,"	"
551,"	"
566,"	"
535,"	"
583,"	"
530,"	"
715,"	"
576,"	"
550,"	"
648,"	"
516,"	"
536,"	"
479,"	"
499,"	"
611,"	"
547,"	"
553,"	"
1523,"	"
584,"	"
555,"	"
539,"	"
535,"	"
575,"	"
758,"	"
552,"	"
497,"	"
599,"	"
536,"	"
624,"	"
547,"	"
561,"	"
1689,"	"
581,"	"
529,"	"
486,"	"
594,"	"
579,"	"
594,"	"
637,"	"
570,"	"
442,"	"
567,"	"
479,"	"
551,"	"
519,"	"
434,"	"
549,"	"
508,"	"
596,"	"
554,"	"
534,"	"
1553,"	"
583,"	"
541,"	"
523,"	"
432,"	"
549,"	"
722,"	"
590,"	"
576,"	"
756,"	"
575,"	"
557,"	"
586,"	"
549,"	"
533,"	"
556,"	"
449,"	"
629,"	"
490,"	"
509,"	"
598,"	"
575,"	"
576,"	"
758,"	"
484,"	"
565,"	"
564,"	"
465,"	"
515,"	"
547,"	"
502,"	"
346,"	"
343,"	"
341,"	"
562,"	"
538,"	"
560,"	"
672,"	"
561,"	"
585,"	"
680,"	"
555,"	"
568,"	"
754,"	"
518,"	"
548,"	"
470,"	"
550,"	"
586,"	"
513,"	"
500,"	"
354,"	"
402,"	"
340,"	"
497,"	"
1254,"	"
533,"	"
526,"	"
512,"	"
613,"	"
531,"	"
586,"	"
634,"	"
440,"	"
491,"	"
580,"	"
524,"	"
437,"	"
488,"	"
548,"	"
575,"	"
498,"	"
356,"	"
346,"	"
348,"	"
349,"	"
576,"	"
420,"	"
414,"	"
414,"	"
413,"	"
415,"	"
340,"	"
612,"	"
369,"	"
434,"	"
675,"	"
437,"	"
443,"	"
746,"	"
349,"	"
695,"	"
623,"	"
592,"	"
359,"	"
584,"	"
585,"	"
668,"	"
505,"	"
361,"	"
474,"	"
583,"	"
570,"	"
580,"	"
587,"	"
564,"	"
550,"	"
499,"	"
963,"	"
572,"	"
565,"	"
534,"	"
464,"	"
579,"	"
594,"	"
547,"	"
627,"	"
548,"	"
488,"	"
452,"	"
546,"	"
539,"	"
383,"	"
555,"	"
363,"	"
643,"	"
591,"	"
566,"	"
740,"	"
604,"	"
394,"	"
398,"	"
621,"	"
503,"	"
503,"	"
454,"	"
607,"	"
583,"	"
575,"	"
530,"	"
546,"	"
783,"	"
574,"	"
349,"	"
347,"	"
338,"	"
343,"	"
376,"	"
341,"	"
338,"	"
339,"	"
608,"	"
514,"	"
470,"	"
618,"	"
554,"	"
510,"	"
600,"	"
525,"	"
525,"	"
511,"	"
616,"	"
343,"	"
341,"	"
514,"	"
523,"	"
520,"	"
5478,"	"
596,"	"
353,"	"
341,"	"
347,"	"
346,"	"
557,"	"
1117,"	"
633,"	"
394,"	"
349,"	"
400,"	"
348,"	"
342,"	"
411,"	"
519,"	"
560,"	"
517,"	"
339,"	"
340,"	"
340,"	"
344,"	"
546,"	"
355,"	"
353,"	"
358,"	"
345,"	"
5520,"	"
555,"	"
501,"	"
559,"	"
573,"	"
504,"	"
350,"	"
340,"	"
342,"	"
341,"	"
343,"	"
351,"	"
545,"	"
349,"	"
343,"	"
542,"	"
762,"	"
1000,"	"
604,"	"
551,"	"
657,"	"
363,"	"
468,"	"
682,"	"
581,"	"
582,"	"
380,"	"
403,"	"
686,"	"
694,"	"
487,"	"
471,"	"
441,"	"
801,"	"
518,"	"
588,"	"
614,"	"
689,"	"
556,"	"
554,"	"
538,"	"
642,"	"
409,"	"
448,"	"
434,"	"
421,"	"
514,"	"
516,"	"
529,"	"
533,"	"
501,"	"
568,"	"
529,"	"
507,"	"
452,"	"
436,"	"
495,"	"
492,"	"
537,"	"
594,"	"
665,"	"
466,"	"
542,"	"
542,"	"
927,"	"
572,"	"
574,"	"
505,"	"
566,"	"
397,"	"
348,"	"
343,"	"
513,"	"
577,"	"
504,"	"
391,"	"
376,"	"
466,"	"
458,"	"
517,"	"
465,"	"
439,"	"
432,"	"
434,"	"
548,"	"
541,"	"
568,"	"
383,"	"
507,"	"
503,"	"
604,"	"
564,"	"
570,"	"
1653,"	"
621,"	"
535,"	"
435,"	"
372,"	"
600,"	"
569,"	"
642,"	"
587,"	"
560,"	"
525,"	"
613,"	"
592,"	"
411,"	"
503,"	"
796,"	"
368,"	"
753,"	"
449,"	"
432,"	"
777,"	"
571,"	"
568,"	"
556,"	"
565,"	"
550,"	"
427,"	"
419,"	"
553,"	"
520,"	"
1868,"	"
373,"	"
384,"	"
452,"	"
528,"	"
596,"	"
693,"	"
456,"	"
354,"	"
424,"	"
347,"	"
411,"	"
535,"	"
539,"	"
550,"	"
518,"	"
498,"	"
612,"	"
565,"	"
547,"	"
521,"	"
580,"	"
359,"	"
366,"	"
478,"	"
466,"	"
800,"	"
703,"	"
547,"	"
1094,"	"
623,"	"
574,"	"
551,"	"
567,"	"
593,"	"
365,"	"
368,"	"
548,"	"
571,"	"
636,"	"
528,"	"
568,"	"
452,"	"
559,"	"
630,"	"
515,"	"
543,"	"
481,"	"
528,"	"
537,"	"
561,"	"
511,"	"
517,"	"
724,"	"
542,"	"
380,"	"
489,"	"
379,"	"
404,"	"
445,"	"
598,"	"
456,"	"
534,"	"
425,"	"
436,"	"
437,"	"
576,"	"
508,"	"
540,"	"
398,"	"
509,"	"
517,"	"
555,"	"
479,"	"
659,"	"
717,"	"
571,"	"
547,"	"
572,"	"
706,"	"
565,"	"
562,"	"
503,"	"
551,"	"
605,"	"
506,"	"
553,"	"
544,"	"
579,"	"
347,"	"
1738,"	"
564,"	"
545,"	"
661,"	"
703,"	"
696,"	"
590,"	"
575,"	"
582,"	"
610,"	"
584,"	"
564,"	"
528,"	"
521,"	"
505,"	"
505,"	"
595,"	"
547,"	"
559,"	"
531,"	"
550,"	"
528,"	"
555,"	"
546,"	"
493,"	"
524,"	"
624,"	"
624,"	"
818,"	"
572,"	"
601,"	"
678,"	"
514,"	"
536,"	"
506,"	"
467,"	"
560,"	"
538,"	"
540,"	"
773,"	"
408,"	"
711,"	"
564,"	"
538,"	"
788,"	"
578,"	"
511,"	"
560,"	"
549,"	"
506,"	"
546,"	"
516,"	"
547,"	"
514,"	"
700,"	"
537,"	"
342,"	"
554,"	"
578,"	"
540,"	"
488,"	"
534,"	"
729,"	"
697,"	"
515,"	"
552,"	"
928,"	"
549,"	"
773,"	"
589,"	"
517,"	"
411,"	"
550,"	"
467,"	"
580,"	"
682,"	"
666,"	"
622,"	"
524,"	"
585,"	"
752,"	"
478,"	"
566,"	"
563,"	"
450,"	"
490,"	"
543,"	"
706,"	"
552,"	"
730,"	"
342,"	"
343,"	"
493,"	"
458,"	"
430,"	"
548,"	"
516,"	"
549,"	"
604,"	"
677,"	"
443,"	"
552,"	"
580,"	"
687,"	"
574,"	"
440,"	"
588,"	"
709,"	"
515,"	"
522,"	"
591,"	"
525,"	"
742,"	"
648,"	"
734,"	"
671,"	"
578,"	"
455,"	"
765,"	"
477,"	"
577,"	"
561,"	"
503,"	"
657,"	"
567,"	"
696,"	"
341,"	"
339,"	"
344,"	"
485,"	"
512,"	"
546,"	"
535,"	"
646,"	"
657,"	"
537,"	"
584,"	"
566,"	"
695,"	"
566,"	"
556,"	"
539,"	"
521,"	"
485,"	"
511,"	"
352,"	"
340,"	"
737,"	"
518,"	"
657,"	"
566,"	"
533,"	"
726,"	"
587,"	"
563,"	"
561,"	"
608,"	"
481,"	"
547,"	"
492,"	"
511,"	"
529,"	"
573,"	"
567,"	"
570,"	"
555,"	"
558,"	"
344,"	"
638,"	"
704,"	"
545,"	"
544,"	"
715,"	"
572,"	"
561,"	"
556,"	"
563,"	"
548,"	"
537,"	"
543,"	"
569,"	"
526,"	"
566,"	"
425,"	"
513,"	"
344,"	"
350,"	"
343,"	"
340,"	"
565,"	"
530,"	"
559,"	"
551,"	"
663,"	"
587,"	"
578,"	"
662,"	"
568,"	"
525,"	"
604,"	"
549,"	"
398,"	"
630,"	"
562,"	"
548,"	"
575,"	"
572,"	"
502,"	"
533,"	"
551,"	"
669,"	"
564,"	"
573,"	"
684,"	"
578,"	"
571,"	"
556,"	"
520,"	"
454,"	"
546,"	"
443,"	"
552,"	"
548,"	"
451,"	"
545,"	"
560,"	"
559,"	"
562,"	"
1541,"	"
561,"	"
694,"	"
580,"	"
456,"	"
664,"	"
574,"	"
538,"	"
576,"	"
552,"	"
553,"	"
456,"	"
557,"	"
564,"	"
553,"	"
443,"	"
543,"	"
528,"	"
349,"	"
525,"	"
1491,"	"
545,"	"
446,"	"
539,"	"
507,"	"
552,"	"
613,"	"
550,"	"
639,"	"
528,"	"
572,"	"
782,"	"
601,"	"
348,"	"
629,"	"
504,"	"
473,"	"
439,"	"
494,"	"
645,"	"
571,"	"
559,"	"
581,"	"
753,"	"
528,"	"
569,"	"
566,"	"
553,"	"
527,"	"
435,"	"
454,"	"
678,"	"
568,"	"
340,"	"
567,"	"
1777,"	"
712,"	"
641,"	"
574,"	"
696,"	"
547,"	"
573,"	"
567,"	"
522,"	"
483,"	"
553,"	"
531,"	"
557,"	"
550,"	"
491,"	"
606,"	"
566,"	"
562,"	"
553,"	"
1452,"	"
582,"	"
615,"	"
574,"	"
450,"	"
719,"	"
571,"	"
561,"	"
474,"	"
515,"	"
696,"	"
346,"	"
347,"	"
342,"	"
340,"	"
507,"	"
583,"	"
614,"	"
575,"	"
748,"	"
518,"	"
568,"	"
608,"	"
558,"	"
556,"	"
553,"	"
563,"	"
522,"	"
498,"	"
510,"	"
492,"	"
592,"	"
566,"	"
1066,"	"
596,"	"
556,"	"
518,"	"
550,"	"
588,"	"
551,"	"
582,"	"
853,"	"
494,"	"
573,"	"
494,"	"
553,"	"
548,"	"
524,"	"
626,"	"
498,"	"
376,"	"
511,"	"
348,"	"
342,"	"
378,"	"
519,"	"
558,"	"
530,"	"
544,"	"
744,"	"
550,"	"
573,"	"
550,"	"
562,"	"
507,"	"
553,"	"
403,"	"
548,"	"
550,"	"
516,"	"
419,"	"
387,"	"
348,"	"
448,"	"
1530,"	"
560,"	"
615,"	"
568,"	"
551,"	"
793,"	"
519,"	"
579,"	"
535,"	"
557,"	"
590,"	"
558,"	"
680,"	"
509,"	"
552,"	"
516,"	"
384,"	"
574,"	"
553,"	"
353,"	"
529,"	"
556,"	"
588,"	"
557,"	"
527,"	"
542,"	"
516,"	"
644,"	"
658,"	"
523,"	"
570,"	"
554,"	"
624,"	"
564,"	"
571,"	"
560,"	"
586,"	"
558,"	"
583,"	"
542,"	"
541,"	"
606,"	"
618,"	"
589,"	"
578,"	"
600,"	"
612,"	"
556,"	"
392,"	"
352,"	"
347,"	"
356,"	"
346,"	"
574,"	"
457,"	"
664,"	"
554,"	"
586,"	"
563,"	"
576,"	"
897,"	"
559,"	"
568,"	"
562,"	"
552,"	"
500,"	"
585,"	"
438,"	"
570,"	"
348,"	"
345,"	"
340,"	"
346,"	"
662,"	"
555,"	"
620,"	"
549,"	"
642,"	"
580,"	"
626,"	"
629,"	"
576,"	"
444,"	"
433,"	"
350,"	"
344,"	"
340,"	"
517,"	"
563,"	"
605,"	"
609,"	"
755,"	"
546,"	"
528,"	"
781,"	"
575,"	"
537,"	"
478,"	"
555,"	"
555,"	"
515,"	"
752,"	"
538,"	"
527,"	"
537,"	"
551,"	"
614,"	"
556,"	"
553,"	"
556,"	"
557,"	"
754,"	"
721,"	"
568,"	"
515,"	"
709,"	"
618,"	"
578,"	"
586,"	"
580,"	"
557,"	"
554,"	"
550,"	"
550,"	"
828,"	"
783,"	"
538,"	"
508,"	"
743,"	"
533,"	"
569,"	"
573,"	"
556,"	"
572,"	"
546,"	"
533,"	"
579,"	"
551,"	"
571,"	"
562,"	"
580,"	"
675,"	"
670,"	"
575,"	"
578,"	"
759,"	"
547,"	"
529,"	"
380,"	"
350,"	"
355,"	"
342,"	"
345,"	"
499,"	"
619,"	"
641,"	"
665,"	"
619,"	"
572,"	"
635,"	"
553,"	"
566,"	"
564,"	"
554,"	"
512,"	"
550,"	"
504,"	"
535,"	"
540,"	"
520,"	"
667,"	"
444,"	"
622,"	"
821,"	"
714,"	"
603,"	"
585,"	"
892,"	"
483,"	"
579,"	"
569,"	"
553,"	"
469,"	"
490,"	"
694,"	"
635,"	"
348,"	"
592,"	"
590,"	"
702,"	"
689,"	"
617,"	"
551,"	"
654,"	"
551,"	"
563,"	"
590,"	"
599,"	"
611,"	"
572,"	"
557,"	"
588,"	"
656,"	"
625,"	"
526,"	"
569,"	"
713,"	"
519,"	"
576,"	"
567,"	"
445,"	"
594,"	"
347,"	"
345,"	"
340,"	"
341,"	"
645,"	"
556,"	"
518,"	"
553,"	"
566,"	"
595,"	"
585,"	"
767,"	"
517,"	"
581,"	"
780,"	"
516,"	"
569,"	"
584,"	"
553,"	"
932,"	"
346,"	"
344,"	"
347,"	"
357,"	"
562,"	"
536,"	"
555,"	"
552,"	"
588,"	"
566,"	"
477,"	"
589,"	"
563,"	"
567,"	"
533,"	"
463,"	"
554,"	"
553,"	"
484,"	"
408,"	"
377,"	"
345,"	"
518,"	"
539,"	"
558,"	"
546,"	"
556,"	"
622,"	"
775,"	"
575,"	"
583,"	"
686,"	"
554,"	"
560,"	"
390,"	"
528,"	"
403,"	"
553,"	"
564,"	"
514,"	"
360,"	"
340,"	"
510,"	"
502,"	"
607,"	"
683,"	"
592,"	"
611,"	"
571,"	"
776,"	"
548,"	"
572,"	"
561,"	"
551,"	"
571,"	"
552,"	"
543,"	"
545,"	"
442,"	"
510,"	"
544,"	"
573,"	"
570,"	"
623,"	"
686,"	"
563,"	"
576,"	"
708,"	"
451,"	"
442,"	"
566,"	"
553,"	"
513,"	"
515,"	"
416,"	"
566,"	"
511,"	"
766,"	"
339,"	"
342,"	"
545,"	"
591,"	"
547,"	"
498,"	"
560,"	"
638,"	"
565,"	"
505,"	"
518,"	"
482,"	"
461,"	"
696,"	"
548,"	"
567,"	"
563,"	"
570,"	"
510,"	"
594,"	"
555,"	"
551,"	"
660,"	"
554,"	"
538,"	"
595,"	"
574,"	"
590,"	"
586,"	"
636,"	"
545,"	"
570,"	"
522,"	"
556,"	"
559,"	"
430,"	"
546,"	"
513,"	"
411,"	"
341,"	"
342,"	"
345,"	"
343,"	"
1373,"	"
706,"	"
607,"	"
571,"	"
501,"	"
566,"	"
581,"	"
574,"	"
570,"	"
477,"	"
568,"	"
518,"	"
773,"	"
549,"	"
545,"	"
527,"	"
534,"	"
512,"	"
1490,"	"
551,"	"
551,"	"
559,"	"
551,"	"
648,"	"
565,"	"
516,"	"
628,"	"
506,"	"
592,"	"
602,"	"
774,"	"
601,"	"
516,"	"
348,"	"
553,"	"
549,"	"
496,"	"
611,"	"
858,"	"
665,"	"
616,"	"
633,"	"
668,"	"
514,"	"
569,"	"
575,"	"
520,"	"
549,"	"
737,"	"
347,"	"
343,"	"
345,"	"
425,"	"
558,"	"
507,"	"
609,"	"
693,"	"
717,"	"
533,"	"
582,"	"
659,"	"
542,"	"
573,"	"
567,"	"
554,"	"
521,"	"
436,"	"
549,"	"
694,"	"
561,"	"
511,"	"
341,"	"
617,"	"
561,"	"
595,"	"
574,"	"
526,"	"
579,"	"
716,"	"
531,"	"
574,"	"
537,"	"
536,"	"
517,"	"
434,"	"
547,"	"
394,"	"
550,"	"
540,"	"
353,"	"
338,"	"
337,"	"
700,"	"
546,"	"
603,"	"
642,"	"
575,"	"
571,"	"
669,"	"
570,"	"
573,"	"
959,"	"
549,"	"
509,"	"
526,"	"
601,"	"
655,"	"
684,"	"
490,"	"
568,"	"
574,"	"
564,"	"
548,"	"
547,"	"
516,"	"
509,"	"
543,"	"
556,"	"
342,"	"
342,"	"
341,"	"
343,"	"
651,"	"
446,"	"
530,"	"
587,"	"
601,"	"
539,"	"
659,"	"
590,"	"
572,"	"
690,"	"
569,"	"
451,"	"
564,"	"
512,"	"
482,"	"
495,"	"
396,"	"
546,"	"
340,"	"
509,"	"
547,"	"
551,"	"
543,"	"
610,"	"
600,"	"
654,"	"
561,"	"
574,"	"
504,"	"
635,"	"
553,"	"
564,"	"
440,"	"
547,"	"
554,"	"
574,"	"
557,"	"
522,"	"
619,"	"
551,"	"
610,"	"
562,"	"
577,"	"
748,"	"
540,"	"
617,"	"
583,"	"
561,"	"
573,"	"
434,"	"
597,"	"
539,"	"
553,"	"
548,"	"
536,"	"
581,"	"
744,"	"
681,"	"
546,"	"
564,"	"
556,"	"
548,"	"
401,"	"
556,"	"
648,"	"
354,"	"
1473,"	"
494,"	"
712,"	"
575,"	"
576,"	"
717,"	"
481,"	"
570,"	"
511,"	"
554,"	"
533,"	"
544,"	"
555,"	"
548,"	"
529,"	"
561,"	"
560,"	"
593,"	"
551,"	"
563,"	"
637,"	"
576,"	"
557,"	"
535,"	"
549,"	"
516,"	"
544,"	"
900,"	"
508,"	"
575,"	"
815,"	"
351,"	"
347,"	"
339,"	"
339,"	"
559,"	"
570,"	"
437,"	"
548,"	"
593,"	"
572,"	"
608,"	"
571,"	"
527,"	"
567,"	"
573,"	"
466,"	"
551,"	"
498,"	"
550,"	"
537,"	"
683,"	"
554,"	"
563,"	"
518,"	"
556,"	"
516,"	"
468,"	"
657,"	"
608,"	"
539,"	"
709,"	"
505,"	"
575,"	"
572,"	"
559,"	"
525,"	"
567,"	"
427,"	"
432,"	"
690,"	"
598,"	"
595,"	"
596,"	"
550,"	"
699,"	"
551,"	"
550,"	"
653,"	"
530,"	"
570,"	"
585,"	"
551,"	"
440,"	"
390,"	"
350,"	"
1047,"	"
489,"	"
613,"	"
584,"	"
575,"	"
967,"	"
547,"	"
540,"	"
496,"	"
549,"	"
531,"	"
522,"	"
559,"	"
512,"	"
522,"	"
437,"	"
415,"	"
348,"	"
349,"	"
643,"	"
652,"	"
492,"	"
497,"	"
596,"	"
656,"	"
574,"	"
565,"	"
527,"	"
551,"	"
513,"	"
549,"	"
588,"	"
547,"	"
490,"	"
525,"	"
579,"	"
556,"	"
352,"	"
648,"	"
555,"	"
402,"	"
553,"	"
602,"	"
587,"	"
572,"	"
785,"	"
586,"	"
566,"	"
478,"	"
550,"	"
569,"	"
443,"	"
677,"	"
553,"	"
549,"	"
555,"	"
565,"	"
608,"	"
509,"	"
798,"	"
594,"	"
573,"	"
571,"	"
550,"	"
538,"	"
577,"	"
557,"	"
521,"	"
544,"	"
563,"	"
547,"	"
539,"	"
483,"	"
503,"	"
525,"	"
613,"	"
517,"	"
734,"	"
514,"	"
575,"	"
561,"	"
555,"	"
548,"	"
524,"	"
536,"	"
562,"	"
574,"	"
616,"	"
522,"	"
397,"	"
640,"	"
523,"	"
572,"	"
666,"	"
556,"	"
444,"	"
848,"	"
570,"	"
579,"	"
515,"	"
553,"	"
613,"	"
554,"	"
517,"	"
516,"	"
400,"	"
547,"	"
461,"	"
348,"	"
346,"	"
338,"	"
349,"	"
534,"	"
711,"	"
604,"	"
546,"	"
634,"	"
601,"	"
575,"	"
535,"	"
447,"	"
550,"	"
440,"	"
552,"	"
549,"	"
472,"	"
520,"	"
521,"	"
531,"	"
567,"	"
552,"	"
615,"	"
552,"	"
447,"	"
559,"	"
578,"	"
558,"	"
464,"	"
725,"	"
597,"	"
516,"	"
555,"	"
551,"	"
571,"	"
544,"	"
590,"	"
516,"	"
526,"	"
538,"	"
608,"	"
591,"	"
574,"	"
656,"	"
573,"	"
571,"	"
569,"	"
557,"	"
553,"	"
513,"	"
522,"	"
434,"	"
368,"	"
607,"	"
517,"	"
555,"	"
548,"	"
556,"	"
553,"	"
737,"	"
544,"	"
576,"	"
576,"	"
436,"	"
548,"	"
451,"	"
524,"	"
503,"	"
549,"	"
590,"	"
630,"	"
445,"	"
531,"	"
518,"	"
554,"	"
698,"	"
576,"	"
573,"	"
909,"	"
539,"	"
608,"	"
571,"	"
556,"	"
548,"	"
548,"	"
546,"	"
553,"	"
529,"	"
684,"	"
559,"	"
578,"	"
1671,"	"
624,"	"
553,"	"
531,"	"
711,"	"
512,"	"
577,"	"
580,"	"
560,"	"
499,"	"
570,"	"
551,"	"
654,"	"
345,"	"
587,"	"
577,"	"
580,"	"
844,"	"
602,"	"
575,"	"
547,"	"
480,"	"
516,"	"
553,"	"
546,"	"
489,"	"
546,"	"
509,"	"
531,"	"
511,"	"
570,"	"
551,"	"
517,"	"
506,"	"
557,"	"
548,"	"
508,"	"
618,"	"
614,"	"
574,"	"
696,"	"
571,"	"
474,"	"
552,"	"
551,"	"
551,"	"
550,"	"
447,"	"
545,"	"
577,"	"
346,"	"
515,"	"
344,"	"
621,"	"
557,"	"
516,"	"
585,"	"
483,"	"
535,"	"
748,"	"
594,"	"
564,"	"
560,"	"
552,"	"
520,"	"
522,"	"
563,"	"
967,"	"
559,"	"
373,"	"
513,"	"
342,"	"
337,"	"
1557,"	"
592,"	"
678,"	"
563,"	"
557,"	"
735,"	"
588,"	"
567,"	"
579,"	"
547,"	"
442,"	"
492,"	"
442,"	"
449,"	"
549,"	"
546,"	"
563,"	"
543,"	"
530,"	"
565,"	"
356,"	"
555,"	"
622,"	"
583,"	"
505,"	"
658,"	"
570,"	"
564,"	"
539,"	"
546,"	"
477,"	"
547,"	"
485,"	"
550,"	"
561,"	"
549,"	"
529,"	"
526,"	"
348,"	"
501,"	"
556,"	"
532,"	"
560,"	"
551,"	"
517,"	"
552,"	"
584,"	"
533,"	"
571,"	"
688,"	"
541,"	"
568,"	"
567,"	"
550,"	"
552,"	"
571,"	"
547,"	"
551,"	"
516,"	"
520,"	"
633,"	"
520,"	"
493,"	"
702,"	"
574,"	"
545,"	"
706,"	"
502,"	"
336,"	"
337,"	"
1651,"	"
544,"	"
508,"	"
515,"	"
569,"	"
614,"	"
550,"	"
591,"	"
571,"	"
571,"	"
689,"	"
549,"	"
560,"	"
511,"	"
554,"	"
509,"	"
435,"	"
629,"	"
363,"	"
347,"	"
543,"	"
528,"	"
532,"	"
544,"	"
533,"	"
528,"	"
491,"	"
482,"	"
658,"	"
547,"	"
567,"	"
444,"	"
516,"	"
547,"	"
513,"	"
552,"	"
537,"	"
529,"	"
557,"	"
588,"	"
548,"	"
563,"	"
721,"	"
645,"	"
586,"	"
460,"	"
622,"	"
617,"	"
578,"	"
797,"	"
374,"	"
387,"	"
340,"	"
569,"	"
545,"	"
594,"	"
639,"	"
651,"	"
511,"	"
549,"	"
572,"	"
634,"	"
567,"	"
588,"	"
526,"	"
547,"	"
548,"	"
515,"	"
544,"	"
691,"	"
575,"	"
550,"	"
515,"	"
626,"	"
550,"	"
552,"	"
513,"	"
504,"	"
548,"	"
727,"	"
630,"	"
531,"	"
718,"	"
665,"	"
594,"	"
501,"	"
572,"	"
480,"	"
363,"	"
340,"	"
338,"	"
336,"	"
614,"	"
557,"	"
547,"	"
552,"	"
617,"	"
752,"	"
559,"	"
560,"	"
676,"	"
588,"	"
519,"	"
551,"	"
536,"	"
639,"	"
580,"	"
378,"	"
348,"	"
339,"	"
511,"	"
1521,"	"
578,"	"
488,"	"
551,"	"
630,"	"
654,"	"
574,"	"
569,"	"
837,"	"
576,"	"
560,"	"
556,"	"
565,"	"
513,"	"
552,"	"
547,"	"
676,"	"
355,"	"
508,"	"
562,"	"
701,"	"
762,"	"
534,"	"
560,"	"
683,"	"
596,"	"
532,"	"
546,"	"
554,"	"
516,"	"
482,"	"
583,"	"
700,"	"
551,"	"
550,"	"
649,"	"
639,"	"
603,"	"
543,"	"
580,"	"
575,"	"
754,"	"
546,"	"
545,"	"
572,"	"
525,"	"
548,"	"
398,"	"
511,"	"
508,"	"
482,"	"
516,"	"
353,"	"
341,"	"
537,"	"
540,"	"
546,"	"
551,"	"
496,"	"
550,"	"
669,"	"
549,"	"
646,"	"
590,"	"
570,"	"
702,"	"
575,"	"
564,"	"
604,"	"
552,"	"
513,"	"
374,"	"
579,"	"
563,"	"
540,"	"
681,"	"
772,"	"
488,"	"
585,"	"
744,"	"
715,"	"
579,"	"
602,"	"
558,"	"
559,"	"
548,"	"
539,"	"
532,"	"
583,"	"
566,"	"
650,"	"
553,"	"
554,"	"
488,"	"
653,"	"
625,"	"
572,"	"
579,"	"
827,"	"
571,"	"
518,"	"
567,"	"
550,"	"
543,"	"
495,"	"
681,"	"
565,"	"
531,"	"
606,"	"
592,"	"
625,"	"
735,"	"
569,"	"
523,"	"
692,"	"
580,"	"
566,"	"
561,"	"
464,"	"
554,"	"
571,"	"
632,"	"
549,"	"
558,"	"
565,"	"
348,"	"
339,"	"
339,"	"
607,"	"
599,"	"
660,"	"
772,"	"
571,"	"
483,"	"
695,"	"
583,"	"
564,"	"
575,"	"
558,"	"
510,"	"
593,"	"
519,"	"
548,"	"
691,"	"
557,"	"
652,"	"
348,"	"
603,"	"
517,"	"
521,"	"
598,"	"
608,"	"
594,"	"
732,"	"
518,"	"
553,"	"
606,"	"
819,"	"
592,"	"
584,"	"
559,"	"
567,"	"
552,"	"
514,"	"
550,"	"
733,"	"
781,"	"
912,"	"
575,"	"
735,"	"
575,"	"
541,"	"
557,"	"
400,"	"
511,"	"
594,"	"
547,"	"
563,"	"
553,"	"
628,"	"
585,"	"
1046,"	"
805,"	"
604,"	"
660,"	"
717,"	"
544,"	"
565,"	"
577,"	"
561,"	"
572,"	"
534,"	"
611,"	"
638,"	"
735,"	"
599,"	"
567,"	"
689,"	"
580,"	"
567,"	"
574,"	"
551,"	"
575,"	"
564,"	"
555,"	"
519,"	"
509,"	"
569,"	"
353,"	"
345,"	"
345,"	"
571,"	"
754,"	"
555,"	"
675,"	"
585,"	"
551,"	"
715,"	"
573,"	"
571,"	"
585,"	"
552,"	"
530,"	"
551,"	"
544,"	"
545,"	"
577,"	"
557,"	"
520,"	"
1371,"	"
553,"	"
407,"	"
563,"	"
545,"	"
598,"	"
554,"	"
590,"	"
596,"	"
672,"	"
522,"	"
547,"	"
565,"	"
621,"	"
527,"	"
525,"	"
551,"	"
347,"	"
346,"	"
342,"	"
616,"	"
539,"	"
662,"	"
768,"	"
860,"	"
552,"	"
622,"	"
729,"	"
572,"	"
531,"	"
616,"	"
559,"	"
493,"	"
550,"	"
515,"	"
497,"	"
524,"	"
514,"	"
600,"	"
551,"	"
514,"	"
462,"	"
659,"	"
794,"	"
614,"	"
579,"	"
704,"	"
570,"	"
567,"	"
582,"	"
449,"	"
555,"	"
467,"	"
491,"	"
352,"	"
350,"	"
343,"	"
525,"	"
562,"	"
706,"	"
729,"	"
538,"	"
571,"	"
688,"	"
575,"	"
563,"	"
606,"	"
573,"	"
554,"	"
533,"	"
561,"	"
563,"	"
516,"	"
349,"	"
343,"	"
343,"	"
528,"	"
1458,"	"
612,"	"
538,"	"
626,"	"
576,"	"
571,"	"
725,"	"
604,"	"
575,"	"
566,"	"
565,"	"
553,"	"
551,"	"
516,"	"
520,"	"
529,"	"
601,"	"
561,"	"
572,"	"
551,"	"
560,"	"
556,"	"
605,"	"
635,"	"
600,"	"
523,"	"
579,"	"
803,"	"
567,"	"
618,"	"
469,"	"
549,"	"
557,"	"
553,"	"
810,"	"
450,"	"
642,"	"
544,"	"
559,"	"
460,"	"
441,"	"
548,"	"
564,"	"
571,"	"
705,"	"
570,"	"
564,"	"
560,"	"
549,"	"
509,"	"
551,"	"
552,"	"
505,"	"
540,"	"
528,"	"
348,"	"
603,"	"
536,"	"
584,"	"
585,"	"
598,"	"
633,"	"
521,"	"
549,"	"
542,"	"
550,"	"
442,"	"
691,"	"
560,"	"
365,"	"
369,"	"
580,"	"
583,"	"
665,"	"
708,"	"
556,"	"
577,"	"
448,"	"
532,"	"
516,"	"
441,"	"
550,"	"
550,"	"
513,"	"
551,"	"
550,"	"
505,"	"
532,"	"
508,"	"
345,"	"
541,"	"
472,"	"
602,"	"
669,"	"
581,"	"
633,"	"
605,"	"
565,"	"
589,"	"
573,"	"
552,"	"
449,"	"
550,"	"
529,"	"
545,"	"
365,"	"
558,"	"
550,"	"
526,"	"
515,"	"
605,"	"
611,"	"
621,"	"
570,"	"
534,"	"
520,"	"
524,"	"
379,"	"
342,"	"
345,"	"
524,"	"
616,"	"
798,"	"
588,"	"
487,"	"
696,"	"
590,"	"
575,"	"
562,"	"
565,"	"
549,"	"
519,"	"
439,"	"
426,"	"
552,"	"
543,"	"
695,"	"
560,"	"
510,"	"
341,"	"
484,"	"
449,"	"
494,"	"
741,"	"
550,"	"
590,"	"
655,"	"
446,"	"
566,"	"
563,"	"
524,"	"
551,"	"
511,"	"
546,"	"
547,"	"
542,"	"
443,"	"
366,"	"
343,"	"
341,"	"
559,"	"
1648,"	"
562,"	"
551,"	"
520,"	"
444,"	"
550,"	"
602,"	"
620,"	"
477,"	"
899,"	"
668,"	"
570,"	"
536,"	"
555,"	"
558,"	"
400,"	"
679,"	"
561,"	"
556,"	"
539,"	"
576,"	"
538,"	"
558,"	"
608,"	"
579,"	"
680,"	"
534,"	"
568,"	"
565,"	"
430,"	"
532,"	"
524,"	"
564,"	"
479,"	"
560,"	"
552,"	"
550,"	"
342,"	"
609,"	"
346,"	"
335,"	"
434,"	"
552,"	"
391,"	"
550,"	"
597,"	"
483,"	"
764,"	"
565,"	"
549,"	"
522,"	"
518,"	"
557,"	"
488,"	"
795,"	"
567,"	"
549,"	"
539,"	"
565,"	"
457,"	"
340,"	"
623,"	"
555,"	"
449,"	"
530,"	"
475,"	"
556,"	"
605,"	"
576,"	"
592,"	"
604,"	"
442,"	"
561,"	"
556,"	"
550,"	"
508,"	"
503,"	"
589,"	"
557,"	"
686,"	"
533,"	"
570,"	"
552,"	"
663,"	"
546,"	"
538,"	"
639,"	"
465,"	"
531,"	"
544,"	"
548,"	"
545,"	"
524,"	"
489,"	"
504,"	"
544,"	"
517,"	"
525,"	"
505,"	"
344,"	"
404,"	"
556,"	"
522,"	"
517,"	"
744,"	"
589,"	"
549,"	"
702,"	"
570,"	"
565,"	"
565,"	"
470,"	"
538,"	"
341,"	"
343,"	"
339,"	"
1404,"	"
560,"	"
545,"	"
541,"	"
586,"	"
576,"	"
535,"	"
682,"	"
571,"	"
442,"	"
565,"	"
473,"	"
521,"	"
514,"	"
396,"	"
509,"	"
548,"	"
687,"	"
561,"	"
544,"	"
557,"	"
654,"	"
556,"	"
439,"	"
548,"	"
486,"	"
511,"	"
620,"	"
578,"	"
548,"	"
891,"	"
669,"	"
572,"	"
563,"	"
469,"	"
453,"	"
544,"	"
581,"	"
522,"	"
598,"	"
534,"	"
567,"	"
440,"	"
625,"	"
548,"	"
862,"	"
579,"	"
566,"	"
571,"	"
553,"	"
616,"	"
349,"	"
339,"	"
515,"	"
595,"	"
556,"	"
574,"	"
735,"	"
486,"	"
571,"	"
557,"	"
557,"	"
505,"	"
443,"	"
519,"	"
433,"	"
468,"	"
443,"	"
547,"	"
516,"	"
530,"	"
343,"	"
338,"	"
542,"	"
1557,"	"
530,"	"
449,"	"
552,"	"
654,"	"
510,"	"
577,"	"
730,"	"
456,"	"
587,"	"
566,"	"
522,"	"
550,"	"
527,"	"
560,"	"
559,"	"
517,"	"
351,"	"
503,"	"
563,"	"
1633,"	"
701,"	"
548,"	"
569,"	"
764,"	"
511,"	"
572,"	"
509,"	"
554,"	"
511,"	"
522,"	"
567,"	"
547,"	"
537,"	"
552,"	"
543,"	"
528,"	"
544,"	"
507,"	"
1566,"	"
555,"	"
487,"	"
655,"	"
578,"	"
521,"	"
779,"	"
454,"	"
509,"	"
919,"	"
500,"	"
555,"	"
552,"	"
624,"	"
523,"	"
586,"	"
642,"	"
617,"	"
546,"	"
745,"	"
566,"	"
575,"	"
481,"	"
561,"	"
548,"	"
555,"	"
446,"	"
550,"	"
570,"	"
440,"	"
584,"	"
491,"	"
348,"	"
347,"	"
342,"	"
526,"	"
559,"	"
557,"	"
450,"	"
507,"	"
491,"	"
665,"	"
526,"	"
592,"	"
648,"	"
575,"	"
569,"	"
559,"	"
548,"	"
445,"	"
548,"	"
516,"	"
520,"	"
342,"	"
466,"	"
344,"	"
628,"	"
491,"	"
630,"	"
575,"	"
575,"	"
754,"	"
511,"	"
567,"	"
566,"	"
549,"	"
562,"	"
550,"	"
568,"	"
591,"	"
568,"	"
679,"	"
561,"	"
586,"	"
566,"	"
499,"	"
523,"	"
511,"	"
546,"	"
567,"	"
551,"	"
555,"	"
519,"	"
666,"	"
563,"	"
569,"	"
561,"	"
650,"	"
552,"	"
546,"	"
604,"	"
522,"	"
577,"	"
721,"	"
515,"	"
594,"	"
481,"	"
559,"	"
610,"	"
459,"	"
605,"	"
527,"	"
552,"	"
528,"	"
561,"	"
745,"	"
613,"	"
458,"	"
551,"	"
397,"	"
549,"	"
399,"	"
510,"	"
547,"	"
555,"	"
607,"	"
542,"	"
603,"	"
581,"	"
569,"	"
547,"	"
574,"	"
555,"	"
451,"	"
550,"	"
525,"	"
526,"	"
520,"	"
601,"	"
517,"	"
647,"	"
481,"	"
499,"	"
564,"	"
557,"	"
448,"	"
405,"	"
380,"	"
348,"	"
659,"	"
682,"	"
585,"	"
577,"	"
837,"	"
758,"	"
498,"	"
658,"	"
688,"	"
655,"	"
764,"	"
572,"	"
496,"	"
356,"	"
349,"	"
346,"	"
715,"	"
553,"	"
527,"	"
548,"	"
586,"	"
766,"	"
628,"	"
612,"	"
579,"	"
767,"	"
419,"	"
452,"	"
471,"	"
555,"	"
557,"	"
486,"	"
602,"	"
559,"	"
514,"	"
1782,"	"
527,"	"
554,"	"
549,"	"
552,"	"
440,"	"
549,"	"
597,"	"
586,"	"
677,"	"
535,"	"
539,"	"
764,"	"
524,"	"
570,"	"
527,"	"
363,"	"
512,"	"
348,"	"
342,"	"
646,"	"
603,"	"
672,"	"
705,"	"
583,"	"
572,"	"
739,"	"
592,"	"
571,"	"
564,"	"
556,"	"
401,"	"
551,"	"
555,"	"
553,"	"
507,"	"
524,"	"
345,"	"
433,"	"
367,"	"
556,"	"
465,"	"
550,"	"
483,"	"
611,"	"
447,"	"
544,"	"
514,"	"
516,"	"
710,"	"
573,"	"
566,"	"
662,"	"
511,"	"
508,"	"
553,"	"
562,"	"
547,"	"
651,"	"
619,"	"
542,"	"
618,"	"
613,"	"
660,"	"
574,"	"
578,"	"
544,"	"
448,"	"
552,"	"
448,"	"
546,"	"
546,"	"
547,"	"
728,"	"
574,"	"
548,"	"
566,"	"
520,"	"
550,"	"
611,"	"
623,"	"
804,"	"
601,"	"
571,"	"
772,"	"
577,"	"
571,"	"
603,"	"
513,"	"
403,"	"
549,"	"
566,"	"
735,"	"
593,"	"
577,"	"
432,"	"
1570,"	"
605,"	"
841,"	"
538,"	"
446,"	"
615,"	"
550,"	"
677,"	"
588,"	"
645,"	"
538,"	"
541,"	"
579,"	"
556,"	"
445,"	"
702,"	"
585,"	"
597,"	"
354,"	"
655,"	"
601,"	"
638,"	"
685,"	"
668,"	"
453,"	"
687,"	"
585,"	"
546,"	"
574,"	"
552,"	"
546,"	"
438,"	"
546,"	"
548,"	"
497,"	"
510,"	"
340,"	"
338,"	"
346,"	"
541,"	"
433,"	"
546,"	"
667,"	"
625,"	"
859,"	"
546,"	"
726,"	"
585,"	"
573,"	"
587,"	"
433,"	"
546,"	"
550,"	"
493,"	"
543,"	"
590,"	"
554,"	"
488,"	"
552,"	"
468,"	"
561,"	"
427,"	"
564,"	"
602,"	"
592,"	"
871,"	"
540,"	"
472,"	"
792,"	"
552,"	"
587,"	"
577,"	"
522,"	"
592,"	"
558,"	"
570,"	"
637,"	"
556,"	"
549,"	"
603,"	"
580,"	"
514,"	"
578,"	"
614,"	"
571,"	"
594,"	"
570,"	"
462,"	"
340,"	"
376,"	"
611,"	"
651,"	"
618,"	"
889,"	"
601,"	"
679,"	"
682,"	"
573,"	"
546,"	"
374,"	"
515,"	"
520,"	"
505,"	"
515,"	"
551,"	"
584,"	"
543,"	"
575,"	"
731,"	"
519,"	"
456,"	"
566,"	"
704,"	"
568,"	"
345,"	"
531,"	"
584,"	"
454,"	"
475,"	"
664,"	"
580,"	"
577,"	"
682,"	"
571,"	"
514,"	"
569,"	"
555,"	"
549,"	"
446,"	"
491,"	"
438,"	"
554,"	"
557,"	"
342,"	"
339,"	"
512,"	"
530,"	"
554,"	"
497,"	"
464,"	"
629,"	"
640,"	"
619,"	"
530,"	"
578,"	"
712,"	"
587,"	"
573,"	"
532,"	"
552,"	"
521,"	"
481,"	"
523,"	"
342,"	"
339,"	"
339,"	"
500,"	"
555,"	"
553,"	"
488,"	"
549,"	"
437,"	"
546,"	"
393,"	"
615,"	"
543,"	"
551,"	"
511,"	"
573,"	"
704,"	"
449,"	"
563,"	"
538,"	"
508,"	"
345,"	"
534,"	"
535,"	"
488,"	"
439,"	"
712,"	"
438,"	"
616,"	"
556,"	"
568,"	"
719,"	"
570,"	"
566,"	"
558,"	"
546,"	"
559,"	"
516,"	"
547,"	"
711,"	"
344,"	"
340,"	"
336,"	"
346,"	"
1535,"	"
482,"	"
547,"	"
514,"	"
480,"	"
593,"	"
550,"	"
625,"	"
579,"	"
590,"	"
640,"	"
563,"	"
576,"	"
561,"	"
440,"	"
526,"	"
539,"	"
341,"	"
338,"	"
337,"	"
1536,"	"
555,"	"
568,"	"
809,"	"
558,"	"
577,"	"
741,"	"
544,"	"
562,"	"
584,"	"
553,"	"
516,"	"
547,"	"
511,"	"
433,"	"
515,"	"
523,"	"
343,"	"
339,"	"
510,"	"
356,"	"
510,"	"
479,"	"
590,"	"
694,"	"
666,"	"
569,"	"
572,"	"
707,"	"
446,"	"
562,"	"
502,"	"
555,"	"
531,"	"
441,"	"
552,"	"
685,"	"
359,"	"
599,"	"
555,"	"
516,"	"
557,"	"
553,"	"
442,"	"
605,"	"
620,"	"
614,"	"
531,"	"
563,"	"
684,"	"
571,"	"
462,"	"
542,"	"
653,"	"
511,"	"
666,"	"
558,"	"
603,"	"
713,"	"
751,"	"
669,"	"
568,"	"
759,"	"
446,"	"
555,"	"
564,"	"
521,"	"
395,"	"
548,"	"
551,"	"
573,"	"
578,"	"
555,"	"
510,"	"
538,"	"
497,"	"
551,"	"
547,"	"
513,"	"
579,"	"
790,"	"
600,"	"
592,"	"
599,"	"
699,"	"
733,"	"
602,"	"
576,"	"
580,"	"
573,"	"
555,"	"
514,"	"
578,"	"
598,"	"
1013,"	"
510,"	"
511,"	"
832,"	"
488,"	"
543,"	"
538,"	"
553,"	"
511,"	"
535,"	"
505,"	"
350,"	"
339,"	"
344,"	"
571,"	"
554,"	"
446,"	"
566,"	"
468,"	"
548,"	"
575,"	"
574,"	"
582,"	"
560,"	"
524,"	"
719,"	"
558,"	"
586,"	"
551,"	"
553,"	"
551,"	"
550,"	"
572,"	"
553,"	"
618,"	"
541,"	"
685,"	"
607,"	"
443,"	"
659,"	"
587,"	"
579,"	"
553,"	"
473,"	"
530,"	"
552,"	"
502,"	"
587,"	"
607,"	"
629,"	"
570,"	"
801,"	"
593,"	"
572,"	"
529,"	"
456,"	"
553,"	"
513,"	"
440,"	"
551,"	"
396,"	"
548,"	"
549,"	"
733,"	"
601,"	"
560,"	"
522,"	"
600,"	"
554,"	"
553,"	"
596,"	"
727,"	"
603,"	"
599,"	"
714,"	"
578,"	"
575,"	"
718,"	"
543,"	"
572,"	"
535,"	"
560,"	"
557,"	"
527,"	"
499,"	"
689,"	"
593,"	"
591,"	"
659,"	"
580,"	"
566,"	"
565,"	"
607,"	"
564,"	"
552,"	"
517,"	"
690,"	"
350,"	"
523,"	"
345,"	"
1335,"	"
620,"	"
557,"	"
561,"	"
555,"	"
553,"	"
549,"	"
547,"	"
608,"	"
555,"	"
610,"	"
561,"	"
570,"	"
572,"	"
556,"	"
549,"	"
509,"	"
568,"	"
626,"	"
517,"	"
575,"	"
573,"	"
536,"	"
456,"	"
590,"	"
625,"	"
568,"	"
535,"	"
553,"	"
550,"	"
529,"	"
430,"	"
487,"	"
564,"	"
515,"	"
484,"	"
690,"	"
567,"	"
650,"	"
349,"	"
512,"	"
522,"	"
551,"	"
558,"	"
454,"	"
608,"	"
632,"	"
473,"	"
947,"	"
578,"	"
566,"	"
562,"	"
551,"	"
583,"	"
512,"	"
434,"	"
705,"	"
519,"	"
506,"	"
606,"	"
589,"	"
584,"	"
575,"	"
669,"	"
592,"	"
569,"	"
573,"	"
549,"	"
458,"	"
548,"	"
590,"	"
550,"	"
520,"	"
455,"	"
543,"	"
582,"	"
557,"	"
558,"	"
1655,"	"
513,"	"
549,"	"
445,"	"
690,"	"
585,"	"
568,"	"
830,"	"
582,"	"
539,"	"
572,"	"
549,"	"
539,"	"
517,"	"
555,"	"
558,"	"
520,"	"
524,"	"
600,"	"
569,"	"
485,"	"
741,"	"
548,"	"
580,"	"
570,"	"
528,"	"
559,"	"
575,"	"
543,"	"
401,"	"
486,"	"
523,"	"
567,"	"
1499,"	"
556,"	"
550,"	"
518,"	"
555,"	"
443,"	"
515,"	"
551,"	"
673,"	"
588,"	"
572,"	"
660,"	"
582,"	"
549,"	"
572,"	"
737,"	"
660,"	"
534,"	"
1515,"	"
528,"	"
571,"	"
559,"	"
576,"	"
606,"	"
593,"	"
578,"	"
442,"	"
522,"	"
554,"	"
550,"	"
500,"	"
549,"	"
525,"	"
564,"	"
704,"	"
496,"	"
348,"	"
345,"	"
343,"	"
572,"	"
518,"	"
543,"	"
521,"	"
569,"	"
522,"	"
611,"	"
513,"	"
549,"	"
594,"	"
538,"	"
571,"	"
498,"	"
527,"	"
552,"	"
512,"	"
378,"	"
348,"	"
353,"	"
350,"	"
341,"	"
603,"	"
508,"	"
582,"	"
585,"	"
701,"	"
519,"	"
560,"	"
522,"	"
554,"	"
406,"	"
514,"	"
578,"	"
551,"	"
519,"	"
625,"	"
653,"	"
581,"	"
661,"	"
586,"	"
565,"	"
526,"	"
573,"	"
508,"	"
555,"	"
403,"	"
550,"	"
513,"	"
551,"	"
538,"	"
692,"	"
567,"	"
564,"	"
561,"	"
627,"	"
534,"	"
544,"	"
666,"	"
587,"	"
568,"	"
580,"	"
571,"	"
570,"	"
562,"	"
560,"	"
605,"	"
824,"	"
552,"	"
524,"	"
670,"	"
569,"	"
527,"	"
1539,"	"
546,"	"
616,"	"
507,"	"
550,"	"
554,"	"
512,"	"
696,"	"
584,"	"
716,"	"
524,"	"
570,"	"
591,"	"
544,"	"
430,"	"
550,"	"
573,"	"
560,"	"
538,"	"
504,"	"
556,"	"
660,"	"
607,"	"
781,"	"
582,"	"
564,"	"
573,"	"
551,"	"
446,"	"
552,"	"
512,"	"
550,"	"
592,"	"
519,"	"
513,"	"
356,"	"
347,"	"
348,"	"
343,"	"
519,"	"
516,"	"
440,"	"
440,"	"
518,"	"
668,"	"
588,"	"
626,"	"
582,"	"
572,"	"
572,"	"
552,"	"
520,"	"
551,"	"
538,"	"
557,"	"
564,"	"
519,"	"
566,"	"
605,"	"
579,"	"
545,"	"
563,"	"
488,"	"
681,"	"
563,"	"
841,"	"
608,"	"
719,"	"
618,"	"
487,"	"
683,"	"
529,"	"
501,"	"
553,"	"
587,"	"
562,"	"
546,"	"
676,"	"
573,"	"
552,"	"
1206,"	"
555,"	"
564,"	"
505,"	"
700,"	"
555,"	"
557,"	"
581,"	"
608,"	"
957,"	"
614,"	"
807,"	"
755,"	"
544,"	"
630,"	"
682,"	"
732,"	"
499,"	"
617,"	"
627,"	"
706,"	"
1117,"	"
376,"	"
518,"	"
556,"	"
541,"	"
552,"	"
515,"	"
621,"	"
577,"	"
590,"	"
696,"	"
680,"	"
660,"	"
547,"	"
596,"	"
1504,"	"
558,"	"
531,"	"
477,"	"
582,"	"
576,"	"
593,"	"
522,"	"
577,"	"
606,"	"
560,"	"
435,"	"
543,"	"
547,"	"
511,"	"
445,"	"
522,"	"
461,"	"
344,"	"
569,"	"
581,"	"
666,"	"
457,"	"
551,"	"
437,"	"
551,"	"
439,"	"
531,"	"
567,"	"
545,"	"
819,"	"
593,"	"
564,"	"
558,"	"
540,"	"
522,"	"
392,"	"
719,"	"
566,"	"
544,"	"
516,"	"
572,"	"
648,"	"
576,"	"
640,"	"
583,"	"
531,"	"
950,"	"
559,"	"
434,"	"
549,"	"
550,"	"
543,"	"
546,"	"
547,"	"
531,"	"
397,"	"
537,"	"
557,"	"
340,"	"
337,"	"
578,"	"
552,"	"
494,"	"
520,"	"
594,"	"
591,"	"
883,"	"
552,"	"
443,"	"
586,"	"
580,"	"
594,"	"
552,"	"
567,"	"
562,"	"
522,"	"
507,"	"
335,"	"
1539,"	"
486,"	"
552,"	"
440,"	"
427,"	"
547,"	"
506,"	"
482,"	"
553,"	"
645,"	"
1012,"	"
540,"	"
892,"	"
629,"	"
584,"	"
547,"	"
541,"	"
552,"	"
545,"	"
521,"	"
549,"	"
623,"	"
571,"	"
583,"	"
520,"	"
511,"	"
594,"	"
612,"	"
570,"	"
577,"	"
436,"	"
705,"	"
343,"	"
346,"	"
338,"	"
2469,"	"
548,"	"
552,"	"
566,"	"
545,"	"
517,"	"
393,"	"
501,"	"
545,"	"
729,"	"
526,"	"
505,"	"
585,"	"
582,"	"
514,"	"
641,"	"
560,"	"
539,"	"
362,"	"
561,"	"
351,"	"
577,"	"
574,"	"
414,"	"
860,"	"
474,"	"
578,"	"
587,"	"
576,"	"
769,"	"
555,"	"
771,"	"
358,"	"
537,"	"
543,"	"
1459,"	"
562,"	"
549,"	"
602,"	"
586,"	"
742,"	"
510,"	"
572,"	"
629,"	"
518,"	"
442,"	"
563,"	"
552,"	"
515,"	"
511,"	"
440,"	"
658,"	"
561,"	"
515,"	"
342,"	"
1805,"	"
555,"	"
549,"	"
548,"	"
515,"	"
547,"	"
554,"	"
617,"	"
590,"	"
527,"	"
573,"	"
750,"	"
466,"	"
506,"	"
531,"	"
504,"	"
383,"	"
350,"	"
343,"	"
772,"	"
589,"	"
713,"	"
873,"	"
526,"	"
616,"	"
851,"	"
574,"	"
567,"	"
566,"	"
516,"	"
540,"	"
548,"	"
506,"	"
550,"	"
426,"	"
502,"	"
533,"	"
562,"	"
520,"	"
480,"	"
552,"	"
479,"	"
560,"	"
540,"	"
595,"	"
635,"	"
533,"	"
624,"	"
694,"	"
532,"	"
522,"	"
583,"	"
551,"	"
711,"	"
559,"	"
543,"	"
642,"	"
572,"	"
450,"	"
554,"	"
547,"	"
482,"	"
549,"	"
555,"	"
561,"	"
769,"	"
487,"	"
573,"	"
688,"	"
544,"	"
579,"	"
574,"	"
575,"	"
545,"	"
559,"	"
1641,"	"
593,"	"
630,"	"
587,"	"
604,"	"
549,"	"
727,"	"
559,"	"
569,"	"
561,"	"
578,"	"
547,"	"
549,"	"
549,"	"
400,"	"
546,"	"
626,"	"
511,"	"
560,"	"
626,"	"
472,"	"
560,"	"
441,"	"
508,"	"
554,"	"
645,"	"
626,"	"
530,"	"
572,"	"
621,"	"
534,"	"
529,"	"
563,"	"
556,"	"
684,"	"
354,"	"
351,"	"
343,"	"
340,"	"
605,"	"
567,"	"
525,"	"
559,"	"
549,"	"
401,"	"
396,"	"
522,"	"
557,"	"
626,"	"
679,"	"
602,"	"
594,"	"
636,"	"
568,"	"
531,"	"
550,"	"
588,"	"
567,"	"
546,"	"
548,"	"
582,"	"
623,"	"
650,"	"
516,"	"
632,"	"
724,"	"
498,"	"
570,"	"
485,"	"
457,"	"
551,"	"
858,"	"
434,"	"
725,"	"
348,"	"
565,"	"
550,"	"
1542,"	"
540,"	"
398,"	"
532,"	"
553,"	"
600,"	"
587,"	"
774,"	"
546,"	"
572,"	"
760,"	"
575,"	"
566,"	"
606,"	"
553,"	"
402,"	"
387,"	"
345,"	"
337,"	"
342,"	"
344,"	"
550,"	"
559,"	"
553,"	"
442,"	"
537,"	"
553,"	"
549,"	"
546,"	"
616,"	"
897,"	"
559,"	"
572,"	"
673,"	"
453,"	"
567,"	"
496,"	"
348,"	"
604,"	"
568,"	"
529,"	"
542,"	"
599,"	"
664,"	"
728,"	"
578,"	"
554,"	"
677,"	"
551,"	"
566,"	"
534,"	"
534,"	"
550,"	"
401,"	"
511,"	"
555,"	"
566,"	"
527,"	"
510,"	"
576,"	"
553,"	"
442,"	"
452,"	"
529,"	"
583,"	"
688,"	"
654,"	"
580,"	"
585,"	"
813,"	"
749,"	"
577,"	"
579,"	"
543,"	"
562,"	"
492,"	"
554,"	"
505,"	"
550,"	"
553,"	"
617,"	"
571,"	"
652,"	"
530,"	"
572,"	"
572,"	"
485,"	"
558,"	"
722,"	"
572,"	"
533,"	"
359,"	"
573,"	"
558,"	"
443,"	"
552,"	"
547,"	"
550,"	"
566,"	"
794,"	"
708,"	"
591,"	"
472,"	"
499,"	"
671,"	"
491,"	"
539,"	"
412,"	"
364,"	"
348,"	"
345,"	"
342,"	"
1562,"	"
738,"	"
775,"	"
809,"	"
533,"	"
549,"	"
870,"	"
549,"	"
584,"	"
541,"	"
560,"	"
556,"	"
502,"	"
567,"	"
713,"	"
587,"	"
561,"	"
718,"	"
606,"	"
560,"	"
548,"	"
524,"	"
551,"	"
585,"	"
529,"	"
447,"	"
616,"	"
546,"	"
573,"	"
586,"	"
962,"	"
490,"	"
493,"	"
649,"	"
544,"	"
547,"	"
559,"	"
404,"	"
679,"	"
635,"	"
670,"	"
509,"	"
555,"	"
687,"	"
571,"	"
565,"	"
552,"	"
551,"	"
580,"	"
590,"	"
551,"	"
569,"	"
1848,"	"
559,"	"
552,"	"
515,"	"
551,"	"
543,"	"
553,"	"
571,"	"
680,"	"
660,"	"
615,"	"
575,"	"
799,"	"
578,"	"
566,"	"
569,"	"
616,"	"
1610,"	"
497,"	"
568,"	"
552,"	"
585,"	"
561,"	"
575,"	"
685,"	"
564,"	"
569,"	"
572,"	"
580,"	"
570,"	"
550,"	"
1544,"	"
544,"	"
607,"	"
669,"	"
600,"	"
599,"	"
755,"	"
529,"	"
569,"	"
571,"	"
578,"	"
550,"	"
555,"	"
512,"	"
552,"	"
668,"	"
349,"	"
343,"	"
348,"	"
342,"	"
636,"	"
519,"	"
556,"	"
560,"	"
600,"	"
539,"	"
542,"	"
562,"	"
552,"	"
573,"	"
473,"	"
484,"	"
554,"	"
453,"	"
546,"	"
491,"	"
504,"	"
573,"	"
576,"	"
552,"	"
541,"	"
552,"	"
455,"	"
554,"	"
553,"	"
516,"	"
494,"	"
631,"	"
577,"	"
535,"	"
733,"	"
581,"	"
589,"	"
597,"	"
527,"	"
520,"	"
661,"	"
585,"	"
514,"	"
643,"	"
560,"	"
587,"	"
454,"	"
632,"	"
580,"	"
582,"	"
553,"	"
554,"	"
548,"	"
549,"	"
546,"	"
548,"	"
551,"	"
543,"	"
444,"	"
538,"	"
508,"	"
342,"	"
1524,"	"
556,"	"
449,"	"
549,"	"
473,"	"
632,"	"
565,"	"
476,"	"
686,"	"
591,"	"
448,"	"
409,"	"
554,"	"
497,"	"
614,"	"
796,"	"
872,"	"
648,"	"
611,"	"
607,"	"
438,"	"
562,"	"
436,"	"
406,"	"
596,"	"
558,"	"
626,"	"
1055,"	"
638,"	"
626,"	"
617,"	"
659,"	"
564,"	"
553,"	"
1029,"	"
547,"	"
470,"	"
527,"	"
509,"	"
698,"	"
657,"	"
547,"	"
721,"	"
563,"	"
570,"	"
592,"	"
493,"	"
554,"	"
547,"	"
615,"	"
562,"	"
531,"	"
1472,"	"
605,"	"
586,"	"
610,"	"
767,"	"
540,"	"
473,"	"
564,"	"
486,"	"
519,"	"
546,"	"
392,"	"
548,"	"
508,"	"
560,"	"
456,"	"
548,"	"
564,"	"
345,"	"
335,"	"
337,"	"
356,"	"
566,"	"
549,"	"
585,"	"
592,"	"
495,"	"
583,"	"
661,"	"
572,"	"
567,"	"
464,"	"
543,"	"
378,"	"
341,"	"
342,"	"
340,"	"
342,"	"
497,"	"
566,"	"
550,"	"
517,"	"
580,"	"
775,"	"
514,"	"
459,"	"
520,"	"
557,"	"
505,"	"
509,"	"
354,"	"
336,"	"
1623,"	"
564,"	"
551,"	"
515,"	"
598,"	"
572,"	"
608,"	"
629,"	"
549,"	"
436,"	"
580,"	"
400,"	"
375,"	"
340,"	"
525,"	"
549,"	"
524,"	"
495,"	"
531,"	"
570,"	"
565,"	"
643,"	"
531,"	"
510,"	"
563,"	"
553,"	"
467,"	"
551,"	"
514,"	"
548,"	"
551,"	"
549,"	"
705,"	"
503,"	"
338,"	"
340,"	"
339,"	"
652,"	"
520,"	"
551,"	"
427,"	"
585,"	"
793,"	"
589,"	"
568,"	"
676,"	"
444,"	"
587,"	"
565,"	"
463,"	"
523,"	"
394,"	"
546,"	"
446,"	"
512,"	"
338,"	"
332,"	"
1551,"	"
364,"	"
586,"	"
554,"	"
712,"	"
548,"	"
529,"	"
572,"	"
468,"	"
393,"	"
549,"	"
543,"	"
540,"	"
534,"	"
547,"	"
539,"	"
513,"	"
505,"	"
340,"	"
337,"	"
343,"	"
337,"	"
345,"	"
556,"	"
395,"	"
539,"	"
652,"	"
521,"	"
755,"	"
446,"	"
529,"	"
627,"	"
431,"	"
550,"	"
546,"	"
517,"	"
546,"	"
456,"	"
527,"	"
345,"	"
513,"	"
564,"	"
539,"	"
556,"	"
551,"	"
516,"	"
515,"	"
548,"	"
603,"	"
597,"	"
572,"	"
810,"	"
501,"	"
583,"	"
573,"	"
540,"	"
545,"	"
397,"	"
668,"	"
534,"	"
342,"	"
338,"	"
453,"	"
576,"	"
599,"	"
579,"	"
676,"	"
538,"	"
538,"	"
455,"	"
582,"	"
516,"	"
546,"	"
438,"	"
550,"	"
461,"	"
524,"	"
535,"	"
510,"	"
742,"	"
561,"	"
372,"	"
341,"	"
1486,"	"
517,"	"
705,"	"
730,"	"
558,"	"
751,"	"
643,"	"
537,"	"
737,"	"
828,"	"
570,"	"
447,"	"
556,"	"
902,"	"
351,"	"
512,"	"
669,"	"
555,"	"
554,"	"
524,"	"
769,"	"
659,"	"
585,"	"
566,"	"
1083,"	"
732,"	"
599,"	"
588,"	"
554,"	"
553,"	"
683,"	"
847,"	"
557,"	"
544,"	"
741,"	"
577,"	"
582,"	"
966,"	"
629,"	"
637,"	"
372,"	"
624,"	"
619,"	"
1279,"	"
706,"	"
669,"	"
563,"	"
581,"	"
794,"	"
716,"	"
505,"	"
412,"	"
383,"	"
593,"	"
342,"	"
343,"	"
347,"	"
560,"	"
552,"	"
517,"	"
550,"	"
487,"	"
688,"	"
676,"	"
551,"	"
693,"	"
581,"	"
567,"	"
543,"	"
571,"	"
549,"	"
547,"	"
491,"	"
559,"	"
525,"	"
602,"	"
597,"	"
688,"	"
776,"	"
574,"	"
502,"	"
681,"	"
558,"	"
552,"	"
548,"	"
591,"	"
576,"	"
350,"	"
348,"	"
389,"	"
545,"	"
663,"	"
573,"	"
605,"	"
624,"	"
568,"	"
554,"	"
586,"	"
550,"	"
540,"	"
675,"	"
570,"	"
348,"	"
344,"	"
350,"	"
588,"	"
562,"	"
585,"	"
551,"	"
566,"	"
584,"	"
516,"	"
576,"	"
548,"	"
399,"	"
549,"	"
544,"	"
549,"	"
541,"	"
557,"	"
529,"	"
573,"	"
549,"	"
450,"	"
348,"	"
622,"	"
467,"	"
597,"	"
624,"	"
459,"	"
686,"	"
490,"	"
572,"	"
515,"	"
557,"	"
424,"	"
441,"	"
550,"	"
548,"	"
551,"	"
544,"	"
497,"	"
345,"	"
505,"	"
355,"	"
1521,"	"
553,"	"
549,"	"
522,"	"
438,"	"
559,"	"
554,"	"
536,"	"
550,"	"
625,"	"
506,"	"
584,"	"
628,"	"
497,"	"
556,"	"
547,"	"
519,"	"
582,"	"
519,"	"
344,"	"
486,"	"
558,"	"
679,"	"
563,"	"
581,"	"
907,"	"
624,"	"
567,"	"
570,"	"
554,"	"
446,"	"
599,"	"
561,"	"
546,"	"
551,"	"
440,"	"
541,"	"
589,"	"
516,"	"
534,"	"
500,"	"
542,"	"
498,"	"
572,"	"
460,"	"
585,"	"
627,"	"
573,"	"
554,"	"
564,"	"
455,"	"
546,"	"
549,"	"
553,"	"
478,"	"
357,"	"
343,"	"
342,"	"
571,"	"
616,"	"
557,"	"
405,"	"
554,"	"
513,"	"
436,"	"
512,"	"
603,"	"
548,"	"
573,"	"
683,"	"
462,"	"
497,"	"
533,"	"
513,"	"
556,"	"
487,"	"
357,"	"
343,"	"
342,"	"
514,"	"
563,"	"
597,"	"
582,"	"
480,"	"
604,"	"
644,"	"
577,"	"
588,"	"
447,"	"
433,"	"
595,"	"
553,"	"
553,"	"
446,"	"
554,"	"
562,"	"
613,"	"
623,"	"
589,"	"
1404,"	"
522,"	"
491,"	"
411,"	"
514,"	"
480,"	"
439,"	"
375,"	"
614,"	"
442,"	"
430,"	"
589,"	"
462,"	"
349,"	"
350,"	"
760,"	"
437,"	"
415,"	"
430,"	"
627,"	"
550,"	"
394,"	"
432,"	"
727,"	"
367,"	"
437,"	"
428,"	"
420,"	"
424,"	"
538,"	"
350,"	"
413,"	"
414,"	"
562,"	"
564,"	"
354,"	"
1410,"	"
522,"	"
472,"	"
441,"	"
587,"	"
497,"	"
438,"	"
434,"	"
445,"	"
515,"	"
429,"	"
418,"	"
412,"	"
415,"	"
422,"	"
449,"	"
423,"	"
430,"	"
548,"	"
538,"	"
537,"	"
462,"	"
347,"	"
415,"	"
645,"	"
475,"	"
451,"	"
636,"	"
449,"	"
360,"	"
446,"	"
465,"	"
436,"	"
420,"	"
422,"	"
409,"	"
385,"	"
413,"	"
724,"	"
591,"	"
516,"	"
513,"	"
416,"	"
348,"	"
430,"	"
418,"	"
420,"	"
416,"	"
516,"	"
489,"	"
391,"	"
444,"	"
710,"	"
438,"	"
586,"	"
539,"	"
353,"	"
576,"	"
348,"	"
428,"	"
346,"	"
422,"	"
489,"	"
422,"	"
508,"	"
454,"	"
364,"	"
449,"	"
585,"	"
437,"	"
355,"	"
425,"	"
423,"	"
450,"	"
398,"	"
423,"	"
718,"	"
524,"	"
523,"	"
450,"	"
511,"	"
651,"	"
466,"	"
465,"	"
363,"	"
415,"	"
461,"	"
415,"	"
341,"	"
418,"	"
417,"	"
347,"	"
422,"	"
413,"	"
502,"	"
423,"	"
491,"	"
350,"	"
520,"	"
523,"	"
408,"	"
384,"	"
485,"	"
384,"	"
500,"	"
547,"	"
432,"	"
435,"	"
579,"	"
435,"	"
458,"	"
428,"	"
503,"	"
757,"	"
537,"	"
355,"	"
526,"	"
419,"	"
341,"	"
484,"	"
605,"	"
592,"	"
787,"	"
457,"	"
422,"	"
565,"	"
452,"	"
448,"	"
438,"	"
432,"	"
423,"	"
430,"	"
542,"	"
343,"	"
439,"	"
636,"	"
421,"	"
450,"	"
439,"	"
591,"	"
478,"	"
373,"	"
433,"	"
437,"	"
418,"	"
413,"	"
438,"	"
425,"	"
421,"	"
418,"	"
521,"	"
512,"	"
515,"	"
428,"	"
344,"	"
435,"	"
599,"	"
646,"	"
627,"	"
476,"	"
382,"	"
709,"	"
536,"	"
438,"	"
522,"	"
356,"	"
519,"	"
415,"	"
414,"	"
414,"	"
530,"	"
488,"	"
530,"	"
488,"	"
549,"	"
414,"	"
412,"	"
415,"	"
431,"	"
582,"	"
512,"	"
598,"	"
369,"	"
432,"	"
613,"	"
433,"	"
405,"	"
428,"	"
450,"	"
565,"	"
341,"	"
343,"	"
538,"	"
531,"	"
485,"	"
451,"	"
609,"	"
682,"	"
755,"	"
721,"	"
704,"	"
554,"	"
605,"	"
570,"	"
553,"	"
546,"	"
550,"	"
547,"	"
542,"	"
564,"	"
554,"	"
1512,"	"
533,"	"
558,"	"
504,"	"
544,"	"
593,"	"
558,"	"
545,"	"
573,"	"
701,"	"
443,"	"
515,"	"
579,"	"
545,"	"
393,"	"
545,"	"
667,"	"
416,"	"
343,"	"
509,"	"
342,"	"
566,"	"
432,"	"
475,"	"
502,"	"
549,"	"
516,"	"
646,"	"
580,"	"
559,"	"
541,"	"
604,"	"
621,"	"
557,"	"
502,"	"
554,"	"
533,"	"
576,"	"
542,"	"
714,"	"
595,"	"
706,"	"
690,"	"
627,"	"
572,"	"
607,"	"
458,"	"
568,"	"
551,"	"
521,"	"
527,"	"
440,"	"
556,"	"
796,"	"
531,"	"
660,"	"
521,"	"
512,"	"
549,"	"
474,"	"
593,"	"
646,"	"
593,"	"
567,"	"
475,"	"
684,"	"
531,"	"
569,"	"
452,"	"
428,"	"
509,"	"
353,"	"
518,"	"
349,"	"
576,"	"
639,"	"
537,"	"
690,"	"
589,"	"
586,"	"
577,"	"
599,"	"
571,"	"
517,"	"
562,"	"
553,"	"
545,"	"
580,"	"
435,"	"
516,"	"
621,"	"
342,"	"
339,"	"
605,"	"
542,"	"
562,"	"
549,"	"
507,"	"
692,"	"
575,"	"
492,"	"
530,"	"
647,"	"
545,"	"
571,"	"
535,"	"
560,"	"
510,"	"
566,"	"
438,"	"
657,"	"
595,"	"
541,"	"
556,"	"
600,"	"
548,"	"
482,"	"
469,"	"
554,"	"
548,"	"
681,"	"
729,"	"
604,"	"
579,"	"
572,"	"
698,"	"
576,"	"
492,"	"
504,"	"
678,"	"
634,"	"
507,"	"
552,"	"
541,"	"
550,"	"
617,"	"
547,"	"
628,"	"
505,"	"
577,"	"
675,"	"
570,"	"
524,"	"
555,"	"
547,"	"
609,"	"
430,"	"
521,"	"
378,"	"
346,"	"
341,"	"
339,"	"
540,"	"
561,"	"
520,"	"
574,"	"
670,"	"
753,"	"
551,"	"
450,"	"
659,"	"
516,"	"
501,"	"
567,"	"
585,"	"
536,"	"
588,"	"
519,"	"
393,"	"
347,"	"
339,"	"
341,"	"
2813,"	"
437,"	"
550,"	"
517,"	"
509,"	"
552,"	"
532,"	"
612,"	"
547,"	"
606,"	"
578,"	"
454,"	"
686,"	"
514,"	"
536,"	"
436,"	"
677,"	"
345,"	"
337,"	"
336,"	"
538,"	"
587,"	"
532,"	"
431,"	"
617,"	"
578,"	"
566,"	"
721,"	"
587,"	"
534,"	"
519,"	"
521,"	"
648,"	"
523,"	"
598,"	"
542,"	"
519,"	"
495,"	"
341,"	"
347,"	"
555,"	"
548,"	"
548,"	"
559,"	"
548,"	"
571,"	"
508,"	"
592,"	"
618,"	"
522,"	"
516,"	"
538,"	"
492,"	"
351,"	"
349,"	"
579,"	"
518,"	"
440,"	"
534,"	"
798,"	"
580,"	"
590,"	"
560,"	"
792,"	"
491,"	"
572,"	"
568,"	"
574,"	"
531,"	"
554,"	"
696,"	"
571,"	"
558,"	"
561,"	"
623,"	"
551,"	"
558,"	"
529,"	"
522,"	"
521,"	"
608,"	"
605,"	"
589,"	"
501,"	"
947,"	"
561,"	"
369,"	"
567,"	"
558,"	"
556,"	"
447,"	"
555,"	"
402,"	"
540,"	"
713,"	"
548,"	"
594,"	"
574,"	"
623,"	"
573,"	"
483,"	"
477,"	"
587,"	"
432,"	"
531,"	"
532,"	"
1955,"	"
530,"	"
575,"	"
691,"	"
569,"	"
579,"	"
734,"	"
562,"	"
569,"	"
584,"	"
558,"	"
549,"	"
516,"	"
555,"	"
547,"	"
471,"	"
537,"	"
564,"	"
544,"	"
1773,"	"
554,"	"
395,"	"
435,"	"
590,"	"
670,"	"
686,"	"
608,"	"
487,"	"
720,"	"
493,"	"
447,"	"
559,"	"
554,"	"
557,"	"
549,"	"
706,"	"
564,"	"
560,"	"
560,"	"
643,"	"
606,"	"
520,"	"
519,"	"
553,"	"
562,"	"
677,"	"
587,"	"
518,"	"
596,"	"
792,"	"
558,"	"
590,"	"
644,"	"
552,"	"
517,"	"
557,"	"
517,"	"
624,"	"
617,"	"
546,"	"
620,"	"
590,"	"
514,"	"
734,"	"
480,"	"
573,"	"
494,"	"
559,"	"
542,"	"
351,"	"
346,"	"
343,"	"
635,"	"
552,"	"
508,"	"
555,"	"
617,"	"
519,"	"
605,"	"
572,"	"
681,"	"
568,"	"
577,"	"
598,"	"
549,"	"
521,"	"
523,"	"
696,"	"
349,"	"
510,"	"
342,"	"
586,"	"
553,"	"
537,"	"
453,"	"
557,"	"
537,"	"
666,"	"
705,"	"
573,"	"
715,"	"
515,"	"
564,"	"
544,"	"
561,"	"
549,"	"
539,"	"
455,"	"
624,"	"
521,"	"
717,"	"
671,"	"
1050,"	"
566,"	"
571,"	"
514,"	"
554,"	"
547,"	"
443,"	"
583,"	"
537,"	"
567,"	"
539,"	"
604,"	"
621,"	"
567,"	"
870,"	"
576,"	"
529,"	"
445,"	"
555,"	"
444,"	"
546,"	"
551,"	"
542,"	"
559,"	"
569,"	"
559,"	"
793,"	"
451,"	"
764,"	"
453,"	"
527,"	"
536,"	"
511,"	"
535,"	"
566,"	"
551,"	"
606,"	"
560,"	"
689,"	"
516,"	"
344,"	"
342,"	"
536,"	"
562,"	"
597,"	"
538,"	"
608,"	"
603,"	"
931,"	"
912,"	"
634,"	"
780,"	"
824,"	"
567,"	"
553,"	"
559,"	"
541,"	"
545,"	"
555,"	"
438,"	"
575,"	"
617,"	"
574,"	"
1012,"	"
523,"	"
541,"	"
566,"	"
546,"	"
551,"	"
526,"	"
550,"	"
578,"	"
551,"	"
516,"	"
1571,"	"
594,"	"
561,"	"
507,"	"
589,"	"
580,"	"
619,"	"
523,"	"
573,"	"
539,"	"
522,"	"
544,"	"
552,"	"
550,"	"
509,"	"
551,"	"
690,"	"
569,"	"
563,"	"
545,"	"
572,"	"
445,"	"
568,"	"
561,"	"
576,"	"
688,"	"
517,"	"
572,"	"
588,"	"
529,"	"
565,"	"
600,"	"
553,"	"
499,"	"
548,"	"
526,"	"
348,"	"
576,"	"
568,"	"
530,"	"
471,"	"
563,"	"
554,"	"
532,"	"
564,"	"
709,"	"
523,"	"
467,"	"
594,"	"
578,"	"
569,"	"
543,"	"
552,"	"
520,"	"
548,"	"
583,"	"
554,"	"
572,"	"
546,"	"
517,"	"
544,"	"
641,"	"
583,"	"
569,"	"
747,"	"
615,"	"
450,"	"
565,"	"
551,"	"
551,"	"
548,"	"
557,"	"
456,"	"
551,"	"
713,"	"
524,"	"
540,"	"
608,"	"
555,"	"
521,"	"
520,"	"
549,"	"
574,"	"
605,"	"
518,"	"
567,"	"
461,"	"
555,"	"
497,"	"
549,"	"
545,"	"
536,"	"
543,"	"
539,"	"
566,"	"
553,"	"
595,"	"
576,"	"
476,"	"
575,"	"
662,"	"
569,"	"
570,"	"
569,"	"
557,"	"
554,"	"
513,"	"
554,"	"
552,"	"
516,"	"
551,"	"
502,"	"
377,"	"
343,"	"
340,"	"
342,"	"
361,"	"
611,"	"
579,"	"
515,"	"
680,"	"
590,"	"
567,"	"
585,"	"
551,"	"
441,"	"
600,"	"
549,"	"
544,"	"
515,"	"
487,"	"
546,"	"
409,"	"
344,"	"
348,"	"
357,"	"
443,"	"
626,"	"
558,"	"
535,"	"
683,"	"
570,"	"
547,"	"
645,"	"
563,"	"
567,"	"
441,"	"
519,"	"
555,"	"
549,"	"
471,"	"
542,"	"
549,"	"
426,"	"
343,"	"
370,"	"
344,"	"
534,"	"
600,"	"
554,"	"
578,"	"
524,"	"
672,"	"
505,"	"
569,"	"
563,"	"
666,"	"
427,"	"
479,"	"
505,"	"
428,"	"
425,"	"
587,"	"
588,"	"
343,"	"
338,"	"
337,"	"
1453,"	"
526,"	"
667,"	"
534,"	"
672,"	"
521,"	"
571,"	"
543,"	"
554,"	"
521,"	"
536,"	"
547,"	"
546,"	"
439,"	"
548,"	"
513,"	"
528,"	"
522,"	"
665,"	"
524,"	"
452,"	"
550,"	"
570,"	"
545,"	"
586,"	"
521,"	"
718,"	"
885,"	"
478,"	"
579,"	"
372,"	"
513,"	"
335,"	"
561,"	"
584,"	"
470,"	"
508,"	"
551,"	"
758,"	"
581,"	"
450,"	"
754,"	"
555,"	"
452,"	"
533,"	"
559,"	"
544,"	"
545,"	"
486,"	"
566,"	"
730,"	"
563,"	"
547,"	"
560,"	"
511,"	"
687,"	"
600,"	"
441,"	"
620,"	"
560,"	"
554,"	"
514,"	"
556,"	"
512,"	"
588,"	"
561,"	"
513,"	"
547,"	"
543,"	"
513,"	"
672,"	"
566,"	"
550,"	"
562,"	"
562,"	"
696,"	"
585,"	"
568,"	"
629,"	"
577,"	"
507,"	"
570,"	"
527,"	"
553,"	"
528,"	"
504,"	"
520,"	"
445,"	"
524,"	"
558,"	"
515,"	"
532,"	"
570,"	"
541,"	"
526,"	"
590,"	"
561,"	"
496,"	"
671,"	"
480,"	"
504,"	"
684,"	"
570,"	"
562,"	"
584,"	"
485,"	"
536,"	"
551,"	"
547,"	"
396,"	"
507,"	"
530,"	"
552,"	"
341,"	"
340,"	"
581,"	"
588,"	"
602,"	"
568,"	"
1013,"	"
634,"	"
565,"	"
568,"	"
556,"	"
516,"	"
564,"	"
536,"	"
574,"	"
442,"	"
510,"	"
543,"	"
453,"	"
517,"	"
339,"	"
341,"	"
519,"	"
509,"	"
617,"	"
532,"	"
591,"	"
604,"	"
541,"	"
526,"	"
553,"	"
437,"	"
548,"	"
536,"	"
563,"	"
516,"	"
533,"	"
579,"	"
570,"	"
589,"	"
729,"	"
528,"	"
587,"	"
564,"	"
544,"	"
546,"	"
547,"	"
510,"	"
543,"	"
511,"	"
583,"	"
544,"	"
664,"	"
557,"	"
547,"	"
648,"	"
1591,"	"
553,"	"
547,"	"
496,"	"
886,"	"
553,"	"
574,"	"
731,"	"
572,"	"
582,"	"
565,"	"
546,"	"
440,"	"
452,"	"
510,"	"
639,"	"
557,"	"
517,"	"
519,"	"
598,"	"
517,"	"
568,"	"
666,"	"
584,"	"
568,"	"
554,"	"
520,"	"
566,"	"
557,"	"
572,"	"
584,"	"
349,"	"
342,"	"
338,"	"
341,"	"
346,"	"
471,"	"
569,"	"
527,"	"
514,"	"
634,"	"
545,"	"
556,"	"
567,"	"
471,"	"
551,"	"
711,"	"
603,"	"
563,"	"
678,"	"
548,"	"
967,"	"
588,"	"
605,"	"
629,"	"
620,"	"
570,"	"
565,"	"
403,"	"
548,"	"
521,"	"
591,"	"
403,"	"
580,"	"
437,"	"
714,"	"
354,"	"
343,"	"
386,"	"
346,"	"
563,"	"
634,"	"
584,"	"
625,"	"
648,"	"
578,"	"
534,"	"
463,"	"
510,"	"
549,"	"
547,"	"
443,"	"
552,"	"
516,"	"
531,"	"
554,"	"
690,"	"
582,"	"
394,"	"
346,"	"
469,"	"
555,"	"
547,"	"
568,"	"
534,"	"
534,"	"
793,"	"
523,"	"
569,"	"
567,"	"
572,"	"
549,"	"
551,"	"
452,"	"
548,"	"
546,"	"
674,"	"
520,"	"
563,"	"
1657,"	"
619,"	"
584,"	"
633,"	"
450,"	"
580,"	"
805,"	"
574,"	"
569,"	"
560,"	"
403,"	"
791,"	"
559,"	"
550,"	"
344,"	"
345,"	"
449,"	"
654,"	"
562,"	"
461,"	"
687,"	"
538,"	"
534,"	"
479,"	"
556,"	"
552,"	"
550,"	"
437,"	"
533,"	"
548,"	"
517,"	"
453,"	"
550,"	"
566,"	"
614,"	"
717,"	"
599,"	"
584,"	"
609,"	"
612,"	"
455,"	"
571,"	"
566,"	"
503,"	"
552,"	"
517,"	"
453,"	"
547,"	"
552,"	"
489,"	"
516,"	"
666,"	"
573,"	"
582,"	"
341,"	"
605,"	"
552,"	"
554,"	"
528,"	"
567,"	"
576,"	"
609,"	"
525,"	"
504,"	"